chr	start	end	gene	mutation type	cryptic SSs	location relative to cryptic SSs	distance to cryptic SSs	ref	alt	strand	functional_consequence
1	2338369	2338369	PEX10	SNP	acceptor	downstream	23	C	A	-	intron_retention
1	8075064	8075064	ERRFI1	SNP	donor	downstream	3	G	A	-	intron_retention
1	8938033	8938033	ENO1	SNP	donor	downstream	3	G	A	-	pseudoexon_activation
1	16059869	16059869	PLEKHM2	SNP	acceptor	upstream	14	C	T	+	intron_retention
1	33360582	33360582	TMEM54	SNP	acceptor	upstream	4	C	G	-	intron_retention
1	36939333	36939334	CSF3R	DNP	donor	upstream	14	GG	AA	-	intron_retention
1	41229163	41229163	NFYC	SNP	donor	downstream	3	C	T	+	pseudoexon_activation
1	52774660	52774660	ZFYVE9	SNP	donor	downstream	3	C	T	+	pseudoexon_activation
1	76252612	76252612	RABGGTB	SNP	donor	downstream	12	T	C	+	intron_retention
1	113242108	113242108	MOV10	SNP	acceptor	upstream	23	G	A	+	intron_retention
1	150479279	150479279	TARS2	SNP	acceptor	upstream	24	C	T	+	intron_retention
1	151022052	151022052	C1orf56	SNP	acceptor	upstream	6	G	T	+	intron_retention
1	151785139	151785140	RORC	DEL	acceptor	upstream	13	T	-	-	pseudoexon_activation&intron_retention
1	156643796	156643796	NES	SNP	acceptor	downstream	16	C	A	-	pseudoexon_activation&intron_retention
1	182355813	182355813	GLUL	SNP	donor	downstream	4	C	T	-	intron_retention
1	192545208	192545209	RGS1	DEL	donor	downstream	24	C	-	+	intron_retention
1	203831806	203831806	SNRPE	SNP	donor	downstream	6	C	G	+	intron_retention
1	207233335	207233335	PFKFB2	SNP	acceptor	upstream	18	T	C	+	intron_retention
1	212180229	212180229	INTS7	SNP	donor	upstream	1	T	C	-	pseudoexon_activation&intron_retention
1	228328550	228328551	GUK1	DNP	donor	downstream	3	CC	TA	+	intron_retention
1	231505310	231505310	EGLN1	SNP	donor	upstream	1	A	C	-	intron_retention
2	24954705	24954705	NCOA1	SNP	acceptor	downstream	18	T	C	+	intron_retention
2	27263151	27263151	TMEM214	SNP	acceptor	upstream	9	G	T	+	intron_retention
2	27592535	27592535	EIF2B4	SNP	donor	downstream	6	G	C	-	pseudoexon_activation&intron_retention
2	39346993	39346993	SOS1	SNP	donor	upstream	1	G	C	-	pseudoexon_activation
2	42553173	42553173	EML4	SNP	acceptor	upstream	13	A	C	+	intron_retention
2	63827551	63827551	MDH1	SNP	donor	upstream	12	C	T	+	pseudoexon_activation&intron_retention
2	64111423	64111423	UGP2	SNP	acceptor	downstream	6	A	C	+	pseudoexon_activation
2	73115237	73115237	SPR	SNP	donor	downstream	4	G	A	+	intron_retention
2	101619794	101619794	RPL31	SNP	acceptor	upstream	4	G	C	+	pseudoexon_activation&intron_retention
2	101620767	101620767	RPL31	SNP	donor	upstream	4	G	A	+	intron_retention
2	112999006	112999006	ZC3H8	SNP	donor	upstream	25	C	G	-	pseudoexon_activation
2	113955280	113955280	PSD4	SNP	acceptor	upstream	6	G	C	+	intron_retention
2	139312034	139312034	SPOPL	SNP	acceptor	downstream	26	G	A	+	pseudoexon_activation
2	171805024	171805024	GORASP2	SNP	donor	downstream	6	T	G	+	intron_retention
2	203157652	203157652	NOP58	SNP	donor	downstream	6	A	G	+	intron_retention
2	220073405	220073405	ZFAND2B	SNP	donor	upstream	18	G	A	+	intron_retention
2	223398709	223398709	SGPP2	SNP	donor	downstream	7	G	T	+	pseudoexon_activation
2	235945099	235945099	SH3BP4	SNP	donor	downstream	6	A	G	+	pseudoexon_activation
2	241405335	241405335	GPC1	SNP	donor	downstream	4	C	A	+	pseudoexon_activation&intron_retention
3	13362654	13362654	NUP210	SNP	donor	downstream	6	T	C	-	pseudoexon_activation&intron_retention
3	20020604	20020604	RAB5A	SNP	donor	upstream	8	G	A	+	intron_retention
3	33058892	33058892	GLB1	SNP	donor	downstream	4	G	T	-	pseudoexon_activation&intron_retention
3	37375925	37375925	GOLGA4	SNP	donor	downstream	6	A	G	+	pseudoexon_activation
3	47031282	47031282	NBEAL2	SNP	donor	downstream	5	G	A	+	intron_retention
3	49719055	49719055	APEH	SNP	donor	downstream	4	C	A	+	pseudoexon_activation
3	101050803	101050803	SENP7	SNP	donor	downstream	6	A	C	-	intron_retention
3	119218896	119218896	TIMMDC1	SNP	donor	downstream	3	C	T	+	pseudoexon_activation
3	136665160	136665160	NCK1	SNP	donor	downstream	6	A	G	+	intron_retention
3	136701582	136701582	IL20RB	SNP	donor	upstream	1	C	G	+	pseudoexon_activation&intron_retention
3	179293210	179293210	ACTL6A	SNP	acceptor	upstream	11	C	A	+	intron_retention
3	185375702	185375702	IGF2BP2	SNP	acceptor	downstream	5	G	A	-	intron_retention
4	8477242	8477242	TRMT44	SNP	acceptor	upstream	16	C	T	+	intron_retention
4	25836711	25836711	SEL1L3	SNP	donor	downstream	7	C	T	-	intron_retention
4	38970886	38970886	TMEM156	SNP	donor	upstream	21	T	G	-	pseudoexon_activation&intron_retention
5	16681101	16681101	MYO10	SNP	acceptor	upstream	4	C	G	-	pseudoexon_activation&intron_retention
5	31467600	31467600	DROSHA	SNP	donor	upstream	1	T	C	-	pseudoexon_activation
5	78910355	78910355	PAPD4	SNP	donor	upstream	29	T	A	+	pseudoexon_activation
5	111068304	111068304	NREP	SNP	donor	downstream	3	G	A	-	pseudoexon_activation&intron_retention
5	141526805	141526805	NDFIP1	SNP	acceptor	downstream	6	C	T	+	pseudoexon_activation
6	7211296	7211296	RREB1	SNP	donor	upstream	1	C	G	+	intron_retention
6	20117591	20117591	MBOAT1	SNP	donor	downstream	6	T	C	-	pseudoexon_activation&intron_retention
6	31549785	31549785	LTB	SNP	donor	upstream	26	G	C	-	pseudoexon_activation&intron_retention
6	41739367	41739367	FRS3	SNP	donor	downstream	4	G	T	-	pseudoexon_activation
6	91256017	91256017	MAP3K7	SNP	acceptor	upstream	17	C	A	-	intron_retention
6	109768860	109768860	MICAL1	SNP	donor	downstream	5	C	T	-	intron_retention
6	170061799	170061799	WDR27	SNP	donor	upstream	1	T	C	-	pseudoexon_activation
7	1595683	1595683	TMEM184A	SNP	donor	upstream	28	C	A	-	intron_retention
7	5240397	5240397	WIPI2	SNP	donor	downstream	4	G	A	+	pseudoexon_activation
7	5354081	5354082	TNRC18	DNP	acceptor	downstream	18	GC	AT	-	pseudoexon_activation&intron_retention
7	23294005	23294005	GPNMB	SNP	acceptor	upstream	9	A	T	+	pseudoexon_activation&intron_retention
7	33138788	33138788	RP9	SNP	acceptor	downstream	1	T	C	-	intron_retention
7	73018226	73018226	MLXIPL	SNP	acceptor	upstream	17	G	A	-	pseudoexon_activation&intron_retention
7	74009430	74009430	GTF2IRD1	SNP	donor	upstream	17	G	C	+	intron_retention
7	98991929	98991929	ARPC1B	SNP	acceptor	downstream	5	G	A	+	intron_retention
7	99056055	99056055	ATP5J2	SNP	acceptor	upstream	6	G	A	-	intron_retention
7	99691532	99691532	MCM7	SNP	acceptor	upstream	13	G	A	-	intron_retention
7	124532129	124532129	POT1	SNP	acceptor	downstream	14	C	G	-	pseudoexon_activation&intron_retention
7	124532780	124532780	POT1	SNP	donor	upstream	25	T	C	-	pseudoexon_activation&intron_retention
7	149428305	149428305	KRBA1	SNP	donor	downstream	4	C	A	+	intron_retention
7	155099062	155099062	INSIG1	SNP	donor	downstream	7	G	A	+	pseudoexon_activation
8	56986296	56986296	RPS20	SNP	donor	upstream	25	T	C	-	intron_retention
8	71168777	71168777	NCOA2	SNP	acceptor	downstream	16	T	C	-	pseudoexon_activation
8	87520679	87520679	RMDN1	SNP	donor	upstream	1	T	C	-	intron_retention
8	99057714	99057714	RPL30	SNP	donor	upstream	3	C	G	-	intron_retention
8	103292525	103292526	UBR5	DNP	donor	downstream	5	CC	TT	-	intron_retention
8	110574146	110574146	EBAG9	SNP	acceptor	downstream	4	A	C	+	pseudoexon_activation
8	144676049	144676049	EEF1D	SNP	donor	downstream	15	C	A	-	intron_retention
8	145157654	145157654	SHARPIN	SNP	donor	downstream	3	G	A	-	intron_retention
8	145242443	145242443	MROH1	SNP	acceptor	upstream	4	G	C	+	pseudoexon_activation&intron_retention
8	145654959	145654959	TONSL	SNP	donor	upstream	18	C	G	-	intron_retention
9	19119164	19119164	PLIN2	SNP	donor	upstream	24	A	G	-	intron_retention
9	22008383	22008383	CDKN2B	SNP	donor	upstream	1	A	C	-	intron_retention
9	35814670	35814670	HINT2	SNP	donor	upstream	2	C	T	-	intron_retention
9	133362687	133362687	ASS1	SNP	donor	upstream	21	T	C	+	intron_retention
9	136219256	136219256	SURF1	SNP	donor	downstream	6	T	C	-	intron_retention
9	137001975	137001975	WDR5	SNP	donor	downstream	3	C	T	+	intron_retention
9	139992541	139992541	MAN1B1	SNP	acceptor	downstream	3	T	G	+	pseudoexon_activation
9	140373788	140373788	PNPLA7	SNP	acceptor	downstream	20	C	A	-	intron_retention
10	1171009	1171009	WDR37	SNP	donor	upstream	5	G	A	+	intron_retention
10	35320605	35320605	CUL2	SNP	acceptor	upstream	4	C	G	-	intron_retention
10	51580064	51580064	NCOA4	SNP	donor	upstream	2	G	A	+	pseudoexon_activation&intron_retention
10	58118021	58118021	ZWINT	SNP	donor	downstream	7	T	A	-	intron_retention
10	99240647	99240647	MMS19	SNP	donor	downstream	6	G	C	-	intron_retention
10	102111029	102111029	SCD	SNP	donor	upstream	4	G	T	+	intron_retention
10	122611080	122611080	WDR11	SNP	donor	downstream	18	A	G	+	intron_retention
10	127477946	127477946	UROS	SNP	acceptor	upstream	15	G	T	-	intron_retention
11	706569	706569	EPS8L2	SNP	acceptor	upstream	28	C	T	+	intron_retention
11	810086	810086	RPLP2	SNP	donor	downstream	4	C	A	+	intron_retention
11	1782096	1782096	CTSD	SNP	donor	downstream	4	C	T	-	pseudoexon_activation&intron_retention
11	4143584	4143584	RRM1	SNP	donor	downstream	4	C	A	+	intron_retention
11	6632766	6632766	TAF10	SNP	donor	upstream	1	A	C	-	intron_retention
11	17317591	17317591	NUCB2	SNP	acceptor	upstream	7	C	T	+	intron_retention
11	17518058	17518058	USH1C	SNP	donor	upstream	13	C	A	-	intron_retention
11	17518139	17518139	USH1C	SNP	donor	downstream	4	G	T	-	intron_retention
11	61549474	61549474	MYRF	SNP	acceptor	upstream	12	A	G	+	intron_retention
11	62406615	62406615	GANAB	SNP	acceptor	upstream	12	G	A	-	intron_retention
11	64864084	64864085	VPS51	DEL	acceptor	downstream	30	T	-	+	intron_retention
11	65423477	65423477	RELA	SNP	acceptor	upstream	4	C	T	-	intron_retention
11	66837793	66837794	RHOD	INS	acceptor	downstream	23	-	T	+	intron_retention
11	67207186	67207186	CORO1B	SNP	donor	downstream	3	G	A	-	intron_retention
11	67269680	67269680	PITPNM1	SNP	acceptor	upstream	12	C	A	-	intron_retention
11	94230225	94230225	ANKRD49	SNP	donor	downstream	4	G	A	+	intron_retention
11	111750491	111750491	C11orf1	SNP	donor	downstream	3	C	T	+	intron_retention
11	118888601	118888601	RPS25	SNP	donor	downstream	6	G	C	-	intron_retention
12	6977481	6977481	TPI1	SNP	donor	downstream	4	C	G	+	intron_retention
12	29500852	29500852	ERGIC2	SNP	donor	downstream	4	G	C	-	intron_retention
12	56552215	56552215	MYL6	SNP	donor	downstream	3	C	T	+	intron_retention
12	117479874	117479874	TESC	SNP	donor	downstream	23	G	A	-	intron_retention
12	122845962	122845962	CLIP1	SNP	acceptor	downstream	14	C	T	-	intron_retention
13	28849497	28849497	PAN3	SNP	acceptor	downstream	21	G	T	+	pseudoexon_activation&intron_retention
13	49073402	49073402	RCBTB2	SNP	donor	downstream	19	A	C	-	intron_retention
13	99041790	99041790	FARP1	SNP	donor	upstream	1	C	G	+	pseudoexon_activation
14	20923547	20923547	APEX1	SNP	donor	upstream	2	G	A	+	intron_retention
14	21154898	21154898	RNASE4	SNP	donor	downstream	5	T	A	+	pseudoexon_activation
14	65543605	65543605	MAX	SNP	donor	downstream	5	C	T	-	pseudoexon_activation&intron_retention
14	74190516	74190516	ELMSAN1	SNP	donor	downstream	4	G	T	-	pseudoexon_activation
14	93172407	93172407	LGMN	SNP	donor	upstream	30	T	C	-	pseudoexon_activation
14	100834798	100834798	WARS	SNP	acceptor	downstream	5	C	G	-	intron_retention
15	25216551	25216551	SNRPN	SNP	acceptor	downstream	26	A	T	+	pseudoexon_activation
15	30030372	30030372	TJP1	SNP	acceptor	downstream	1	A	C	-	pseudoexon_activation
15	43471962	43471963	TMEM62	DNP	acceptor	upstream	15	AC	TT	+	intron_retention
15	60685645	60685645	ANXA2	SNP	acceptor	upstream	7	G	A	-	intron_retention
15	74749042	74749043	UBL7	DNP	acceptor	upstream	19	GC	AA	-	intron_retention
16	303855	303855	ITFG3	SNP	acceptor	downstream	24	A	C	+	pseudoexon_activation&intron_retention
16	707711	707711	WDR90	SNP	acceptor	upstream	26	G	A	+	intron_retention
16	11875245	11875245	ZC3H7A	SNP	donor	downstream	3	G	A	-	intron_retention
16	23118742	23118742	USP31	SNP	acceptor	upstream	8	T	A	-	pseudoexon_activation
16	25137870	25137870	LCMT1	SNP	donor	downstream	6	T	G	+	pseudoexon_activation
16	27372198	27372198	IL4R	SNP	donor	downstream	3	C	T	+	intron_retention
16	28619444	28619444	SULT1A1	SNP	acceptor	upstream	6	G	A	-	intron_retention
16	28835888	28835888	ATXN2L	SNP	donor	downstream	22	T	C	+	intron_retention
16	28843238	28843238	ATXN2L	SNP	acceptor	upstream	25	T	A	+	intron_retention
16	30195685	30195685	CORO1A	SNP	donor	downstream	3	C	T	+	intron_retention
16	30407295	30407295	ZNF48	SNP	donor	downstream	7	C	T	+	intron_retention
16	30485879	30485879	ITGAL	SNP	acceptor	upstream	4	T	C	+	pseudoexon_activation&intron_retention
16	70287564	70287564	AARS	SNP	donor	downstream	6	G	C	-	intron_retention
16	87436071	87436071	MAP1LC3B	SNP	acceptor	upstream	4	G	C	+	intron_retention
16	88923915	88923915	TRAPPC2L	SNP	acceptor	downstream	17	C	T	+	intron_retention
16	89796647	89796647	ZNF276	SNP	donor	upstream	12	G	C	+	intron_retention
16	89961617	89961617	TCF25	SNP	donor	upstream	1	T	G	+	intron_retention
17	9835293	9835293	GAS7	SNP	acceptor	upstream	10	G	A	-	intron_retention
17	34945334	34945334	GGNBP2	SNP	donor	downstream	6	C	G	+	pseudoexon_activation&intron_retention
17	38245688	38245688	THRA	SNP	donor	downstream	4	C	A	+	intron_retention
17	40066749	40066749	ACLY	SNP	donor	downstream	18	C	A	-	pseudoexon_activation&intron_retention
17	46675032	46675032	HOXB6	SNP	donor	upstream	1	T	C	-	intron_retention
17	47589203	47589203	NGFR	SNP	acceptor	upstream	12	G	T	+	intron_retention
17	60743677	60743677	MRC2	SNP	donor	upstream	30	G	C	+	intron_retention
17	61906744	61906744	PSMC5	SNP	donor	downstream	4	G	A	+	intron_retention
17	63198301	63198301	RGS9	SNP	donor	downstream	6	C	G	+	intron_retention
17	71282849	71282849	CDC42EP4	SNP	donor	downstream	5	C	T	-	pseudoexon_activation
17	72771731	72771731	NAT9	SNP	donor	downstream	8	T	C	-	intron_retention
17	73733305	73733305	ITGB4	SNP	donor	downstream	4	G	A	+	pseudoexon_activation&intron_retention
17	80066834	80066834	CCDC57	SNP	acceptor	upstream	25	C	T	-	intron_retention
19	1277440	1277440	C19orf24	SNP	donor	downstream	3	C	T	+	intron_retention
19	3192717	3192717	NCLN	SNP	donor	downstream	3	C	T	+	intron_retention
19	4094651	4094651	MAP2K2	SNP	acceptor	downstream	5	G	T	-	intron_retention
19	5680197	5680197	C19orf70	SNP	acceptor	upstream	4	C	T	-	intron_retention
19	5708135	5708135	LONP1	SNP	acceptor	upstream	4	C	G	-	intron_retention
19	9263091	9263091	ZNF317	SNP	donor	upstream	5	G	A	+	pseudoexon_activation
19	10655359	10655359	ATG4D	SNP	acceptor	upstream	27	G	T	+	intron_retention
19	10872109	10872109	DNM2	SNP	acceptor	downstream	16	G	A	+	pseudoexon_activation
19	11546615	11546615	PRKCSH	SNP	donor	downstream	3	C	T	+	intron_retention
19	11622327	11622327	ECSIT	SNP	acceptor	upstream	23	G	A	-	intron_retention
19	15222368	15222368	SYDE1	SNP	acceptor	upstream	13	C	T	+	intron_retention
19	18671359	18671359	KXD1	SNP	donor	downstream	7	C	T	+	intron_retention
19	18682724	18682724	UBA52	SNP	donor	downstream	15	G	C	+	intron_retention
19	18883525	18883525	CRTC1	SNP	donor	upstream	12	C	T	+	pseudoexon_activation&intron_retention
19	35836911	35836911	CD22	SNP	donor	upstream	1	T	G	+	pseudoexon_activation&intron_retention
19	48639538	48639538	LIG1	SNP	acceptor	upstream	28	G	A	-	intron_retention
19	49991073	49991073	RPL13A	SNP	acceptor	upstream	8	G	T	+	pseudoexon_activation
19	50399629	50399629	IL4I1	SNP	donor	upstream	2	G	A	-	intron_retention
19	51014348	51014348	JOSD2	SNP	donor	downstream	3	G	A	-	intron_retention
19	56199796	56199796	EPN1	SNP	acceptor	upstream	15	C	A	+	pseudoexon_activation&intron_retention
20	32228368	32228368	CBFA2T2	SNP	donor	downstream	4	G	A	+	intron_retention
20	32605229	32605229	RALY	SNP	acceptor	downstream	14	T	G	+	pseudoexon_activation
20	34327470	34327470	RBM39	SNP	acceptor	upstream	2	C	A	-	pseudoexon_activation&intron_retention
20	37176317	37176317	RALGAPB	SNP	donor	upstream	10	T	C	+	intron_retention
20	45864986	45864986	ZMYND8	SNP	donor	downstream	7	G	A	-	intron_retention
20	47852017	47852017	DDX27	SNP	donor	downstream	3	C	T	+	pseudoexon_activation&intron_retention
20	50785196	50785196	ZFP64	SNP	donor	downstream	4	C	T	-	pseudoexon_activation
20	60746514	60746514	SS18L1	SNP	donor	upstream	24	T	C	+	intron_retention
20	62152271	62152271	PPDPF	SNP	donor	downstream	5	G	A	+	intron_retention
20	62167808	62167808	PTK6	SNP	donor	downstream	10	C	T	-	intron_retention
20	62327053	62327053	RTEL1	SNP	donor	downstream	8	G	C	+	intron_retention
21	34914242	34914243	GART	DNP	donor	downstream	5	CC	TT	-	intron_retention
21	42612462	42612462	BACE2	SNP	acceptor	downstream	2	G	C	+	pseudoexon_activation
21	47422668	47422668	COL6A1	SNP	donor	downstream	5	C	A	+	intron_retention
22	19165152	19165152	SLC25A1	SNP	donor	downstream	3	G	A	-	intron_retention
22	19375501	19375501	HIRA	SNP	acceptor	upstream	13	G	A	-	intron_retention
22	37164226	37164226	IFT27	SNP	acceptor	upstream	4	A	G	-	intron_retention
22	39637045	39637045	PDGFB	SNP	donor	upstream	28	G	T	-	intron_retention
22	39714377	39714377	RPL3	SNP	donor	downstream	8	C	A	-	intron_retention
22	46747917	46747917	TRMU	SNP	donor	upstream	2	G	A	+	pseudoexon_activation&intron_retention
X	53461167	53461167	HSD17B10	SNP	donor	downstream	4	G	T	-	intron_retention
X	53560612	53560612	HUWE1	SNP	donor	downstream	3	G	A	-	intron_retention
X	54493671	54493671	FGD1	SNP	donor	downstream	4	A	T	-	intron_retention
X	76817274	76817274	ATRX	SNP	acceptor	downstream	4	A	G	-	pseudoexon_activation
X	106199190	106199190	MORC4	SNP	donor	upstream	1	T	C	-	pseudoexon_activation
X	153736984	153736984	FAM3A	SNP	acceptor	upstream	9	C	T	-	intron_retention
