id	gene	intron	size	tx_id	mutation	mutation_type	mutation_type_updated	rna_source	hgvs	mutation_flag
ABCA3-25-1	ABCA3	25	150	NM_001089.3	c.3863-98C>T	D-SNV	D-SNV	Lung tissue	NM_001089.3:c.3863-98C>T	new_splice_donor
ABCA4-5-1	ABCA4	5	65	NM_000350.3	c.570+1798A>G	D-SNV	D-SNV	Mini/midigene transfected HEK293T cells	NM_000350.3:c.570+1798A>G	new_splice_donor
ABCA4-6-1	ABCA4	6	162	NM_000350.3	c.769-784C>T	BPD	A-SNV_outDinuc	Fibroblast	NM_000350.3:c.769-784C>T	strengthening_acceptor
ABCA4-7-1	ABCA4	7	56	NM_000350.3	c.859-506G>C	A-SNV	A-SNV_outDinuc	Fibroblast	NM_000350.3:c.859-506G>C	strengthening_acceptor
ABCA4-7-2a	ABCA4	7	141	NM_000350.3	c.859-546C>G	D-SNV	M-SNV	Midigene transfected HEK293T cells	NM_000350.3:c.859-546C>G	change_sre
ABCA4-7-2b	ABCA4	7	141	NM_000350.3	c.859-540C>G	D-SNV	D-SNV_outDinuc	Mini/midigene transfected HEK293T cells	NM_000350.3:c.859-540C>G	strengthening_donor
ABCA4-7-2c	ABCA4	7	46	NM_000350.3	c.859-640A>G	D-SNV	D-SNV	Midigene transfected HEK293T cells	NM_000350.3:c.859-640A>G	new_splice_donor
ABCA4-13-1	ABCA4	13	109	NM_000350.3	c.1938-514A>G	D-SNV	D-SNV	Midigene transfected HEK293T cells	NM_000350.3:c.1938-514A>G	new_splice_donor
ABCA4-13-2a	ABCA4	13	174	NM_000350.3	c.1938-621G>A	D-SNV	D-SNV_outDinuc	Midigene transfected HEK293T cells, normal PPCs	NM_000350.3:c.1938-621G>A	strengthening_donor
ABCA4-13-2b	ABCA4	13	174	NM_000350.3	c.1938-619A>G	D-SNV	D-SNV_outDinuc	Midigene transfected HEK293T cells	NM_000350.3:c.1938-619A>G	strengthening_donor
ABCA4-13-2c	ABCA4	13	134	NM_000350.3	c.1938-619A>G	DIST3	DIST3	Midigene transfected HEK293T cells	NM_000350.3:c.1938-619A>G	strengthening_donor
ABCA4-13-2d	ABCA4	13	134	NM_000350.3	c.1937+435C>G	M-SNV	M-SNV	Midigene transfected HEK293T cells; Midigene transfected HEK293T cells, normal PPCs	NM_000350.3:c.1937+435C>G	change_sre
ABCA4-16-1	ABCA4	16	132	NM_000350.3	c.2588-706C>T	D-SNV	D-SNV	Midigene transfected HEK293T cells	NM_000350.3:c.2588-706C>T	new_splice_donor
ABCA4-20-1	ABCA4	20	205	NM_000350.3	c.3050+370C>T	D-SNV	D-SNV	Midigene + HEK293T cells	NM_000350.3:c.3050+370C>T	new_splice_donor
ABCA4-30-1a	ABCA4	30	345	NM_000350.3	c.4539+2064C>T	M-SNV	M-SNV	Mini/midigene transfected HEK293T cells	NM_000350.3:c.4539+2064C>T	change_sre
ABCA4-30-1b	ABCA4	30	345	NM_000350.3	c.4539+2001G>A	M-SNV	M-SNV	IPSCs diff’d to PPCs	NM_000350.3:c.4539+2001G>A	change_sre
ABCA4-30-1c	ABCA4	30	345	NM_000350.3	c.4539+2028C>T	M-SNV	M-SNV	IPSCs diff’d to PPCs	NM_000350.3:c.4539+2028C>T	change_sre
ABCA4-30-1d	ABCA4	30	170	NM_000350.3	c.4539+2065C>G	D-SNV	D-SNV_outDinuc	Minigene transfected HEK293T cells	NM_000350.3:c.4539+2065C>G	strengthening_donor
ABCA4-30-2a	ABCA4	30	68	NM_000350.3	c.4539+1100A>G	D-SNV	D-SNV	Minigene transfected HEK293T cells	NM_000350.3:c.4539+1100A>G	new_splice_donor
ABCA4-30-2b	ABCA4	30	68	NM_000350.3	c.4539+1106C>T	D-SNV	D-SNV_outDinuc	Minigene transfected HEK293T cells	NM_000350.3:c.4539+1106C>T	strengthening_donor
ABCA4-30-2c	ABCA4	30	112	NM_000350.3	c.4539+1100A>G	D-SNV	D-SNV	Minigene transfected HEK293T cells	NM_000350.3:c.4539+1100A>G	new_splice_donor
ABCA4-30-2d	ABCA4	30	112	NM_000350.3	c.4539+1106C>T	D-SNV	D-SNV_outDinuc	Minigene transfected HEK293T cells	NM_000350.3:c.4539+1106C>T	strengthening_donor
ABCA4-31-1	ABCA4	31	127	NM_000350.3	c.4634+741A>G	D-SNV	D-SNV	Midigene transfected HEK293T cells	NM_000350.3:c.4634+741A>G	new_splice_donor
ABCA4-36-1	ABCA4	36	188	NM_000350.3	c.5197-557G>T	D-SNV	D-SNV_outDinuc	Normal retina; Mini/midigene transfected HEK293T cells	NM_000350.3:c.5197-557G>T	strengthening_donor
ABCA4-36-2a	ABCA4	36	73	NM_000350.3	c.5196+1137G>A	A-SNV	A-SNV_outDinuc	Human retina	NM_000350.3:c.5196+1137G>A	strengthening_acceptor
ABCA4-36-2b	ABCA4	36	73	NM_000350.3	c.5196+1216C>A	D-SNV	D-SNV_outDinuc	Human retina	NM_000350.3:c.5196+1216C>A	strengthening_donor
ABCA4-36-3a	ABCA4	36	177	NM_000350.3	c.5196+1056A>G	D-SNV	D-SNV	Human retina	NM_000350.3:c.5196+1056A>G	new_splice_donor
ABCA4-36-3b	ABCA4	36	129	NM_000350.3	c.5196+1013A>G	D-SNV	D-SNV_outDinuc	Midigene transfected HEK293T cells	NM_000350.3:c.5196+1013A>G	strengthening_donor
ABCA4-44-1a	ABCA4	44	173	NM_000350.3	c.6148-84A>T	D-SNV	D-SNV_outDinuc	Midigene transfected HEK293T cells	NM_000350.3:c.6148-84A>T	strengthening_donor
ABCA4-44-1b	ABCA4	44	221	NM_000350.3	c.6148-84A>T	D-SNV	D-SNV_outDinuc	Midigene transfected HEK293T cells	NM_000350.3:c.6148-84A>T	strengthening_donor
ABCC8-8-1	ABCC8	8	76	NM_001287174.3	c.1333-1013A>G	D-SNV	D-SNV	LCLs	NM_001287174.3:c.1333-1013A>G	new_splice_donor
ABRAXAS1-5-1	ABRAXAS1	5	97	NM_139076.3	c.476+158G>T	M-SNV	M-SNV	Whole blood	NM_139076.3:c.476+158G>T	change_sre
ALDH7A1-7-1	ALDH7A1	7	36	NM_001182.5	c.612-502G>C	D-SNV	D-SNV_outDinuc	Fibroblasts	NM_001182.5:c.612-502G>C	strengthening_donor
ANAPC1-22-1	ANAPC1	22	95	NM_022662.4	c.2705-198C>T	D-SNV	D-SNV_outDinuc	Fibroblasts	NM_022662.4:c.2705-198C>T	strengthening_donor
APC-6-1	APC	6	127	NM_000038.6	c.646-1806T>G	D-SNV	D-SNV	Blood	NM_000038.6:c.646-1806T>G	new_splice_donor
APC-11-1a	APC	11	83	NM_000038.6	c.1408+731C>T	D-SNV	D-SNV	Blood	NM_000038.6:c.1408+731C>T	new_splice_donor
APC-11-1b	APC	11	83	NM_000038.6	c.1408+729A>G	D-SNV	D-SNV	Blood	NM_000038.6:c.1408+729A>G	new_splice_donor
APC-11-1c	APC	11	83	NM_000038.6	c.1408+735A>T	D-SNV	D-SNV_outDinuc	Leukocytes	NM_000038.6:c.1408+735A>T	strengthening_donor
AR-6-1	AR	6	85	NM_000044.6	c.2450-118A>G	D-SNV	D-SNV	Labial fibroblasts	NM_000044.6:c.2450-118A>G	new_splice_donor
ATM-10-1	ATM	10	218	NM_001351834.2	c.1236-404C>T	D-SNV	D-SNV	LCLs	NM_001351834.2:c.1236-404C>T	new_splice_donor
ATM-13-1a	ATM	13	90	NM_001351834.2	c.1899-123A>G	D-SNV	D-SNV	Whole blood	NM_001351834.2:c.1899-123A>G	new_splice_donor
ATM-13-1b	ATM	13	54	NM_001351834.2	c.1899-123A>G	D-SNV	D-SNV	Whole blood	NM_001351834.2:c.1899-123A>G	new_splice_donor
ATM-13-1c	ATM	13	51	NM_001351834.2	c.1899-123A>G	D-SNV	D-SNV	Whole blood	NM_001351834.2:c.1899-123A>G	new_splice_donor
ATM-17-1	ATM	17	95	NM_001351834.2	c.2466+1552G>C	A-SNV	A-SNV_outDinuc	Whole blood	NM_001351834.2:c.2466+1552G>C	strengthening_acceptor
ATM-17-2	ATM	17	58	NM_001351834.2	c.2467-384A>G	D-SNV	D-SNV	LCLs or activated T-cells (not specified for this line)	NM_001351834.2:c.2467-384A>G	new_splice_donor
ATM-18-1	ATM	18	65	NM_001351834.2	c.2639-579_2639-576del	M-OTH	M-OTH	LCLs (HA174)	NM_001351834.2:c.2639-579_2639-576del	change_sre
ATM-27-1a	ATM	27	29	NM_001351834.2	c.3994-193C>T	A-SNP	A-SNP_outDinuc	LCLs; Peripheral blood	NM_001351834.2:c.3994-193C>T	strengthening_acceptor
ATM-27-1b	ATM	27	112	NM_001351834.2	c.3994-159A>G	M-SNV	M-SNV	LCLs	NM_001351834.2:c.3994-159A>G	change_sre
ATM-39-1	ATM	39	137	NM_001351834.2	c.5763-1050A>G	D-SNV	D-SNV_outDinuc	LCLs	NM_001351834.2:c.5763-1050A>G	strengthening_donor
ATM-62-1	ATM	62	102	NM_001351834.2	c.8850+2029A>G	A-SNV	A-SNV	Whole blood	NM_001351834.2:c.8850+2029A>G	new_splice_acceptor
ATP7A-10-1	ATP7A	10	98	NM_000052.7	c.2406+1117A>G	D-SNV	D-SNV_outDinuc	Fibroblasts	NM_000052.7:c.2406+1117A>G	strengthening_donor
ATP7A-14-1	ATP7A	14	69	NM_000052.7	c.2916+2480T>G	D-SNV	D-SNV	Fibroblasts	NM_000052.7:c.2916+2480T>G	new_splice_donor
ATP7A-16-1	ATP7A	16	68	NM_000052.7	c.3294+763C>G	D-SNV	D-SNV	Fibroblasts	NM_000052.7:c.3294+763C>G	new_splice_donor
ATP7B-1-1	ATP7B	1	94	NM_000053.4	c.53-2723_368del	DIST3	DIST3	Peripheral lymphoblasts	NM_000053.4:c.53-2723_368del	strengthening_donor
BLM-15-1a	BLM	15	166	NM_000057.4	c.3032-258A>G	D-SNV	D-SNV	PHL stimulated lymphoblasts, NMD inhibitor treated	NM_000057.4:c.3032-258A>G	new_splice_donor
BLM-15-1b	BLM	15	156	NM_000057.4	c.3032-258A>G	D-SNV	D-SNV	PHL stimulated lymphoblasts, NMD inhibitor treated	NM_000057.4:c.3032-258A>G	new_splice_donor
BRCA1-11-1	BRCA1	11	114	NM_007294.4	c.4185+4105C>T	D-SNV	D-SNV	Peripheral blood	NM_007294.4:c.4185+4105C>T	new_splice_donor
BRCA1-12-1a	BRCA1	12	509	NM_007294.4	c.4358-449_4358-448ins2856bp	D-OTH	D-OTH	Lymphoblasts	NM_007294.4:c.4358-449_4358-448ins2856bp	new_splice_donor
BRCA1-12-1b	BRCA1	12	666	NM_007294.4	c.4358-449_4358-448ins2856bp	D-OTH	D-OTH	Lymphoblasts	NM_007294.4:c.4358-449_4358-448ins2856bp	new_splice_donor
BRCA2-12-1	BRCA2	12	95	NM_000059.4	c.6937+594T>G	D-SNV	D-SNV_outDinuc	LCLs	NM_000059.4:c.6937+594T>G	strengthening_donor
BRCA2-20-1	BRCA2	20	93	NM_000059.4	c.8632-2A>G	DIST3	DIST3	Puromycin treated LCLs; Peripheral blood; Peripheral blood	NM_000059.4:c.8632-2A>G	strengthening_donor
BRIP1-11-1	BRIP1	11	963	NM_032043.3	c.1629-498A>T	D-SNV	D-SNV	HEK293T cells	NM_032043.3:c.1629-498A>T	new_splice_donor
CAD-27-1	CAD	27	120	NM_004341.5	c.4397-209T>G	D-SNV	D-SNV_outDinuc	Primary fibroblasts	NM_004341.5:c.4397-209T>G	strengthening_donor
CCN6-3-1	CCN6	2	131	NM_003880.4	c.49-763G>T	BPD	A-SNV_outDinuc	Cultured skin fibroblasts	NM_003880.4:c.49-763G>T	strengthening_acceptor
CD40LG-3-1	CD40LG	3	59	NM_000074.3	c.347-915A>T	D-SNV	D-SNV	PBMCs	NM_000074.3:c.347-915A>T	new_splice_donor
CEP290-26-1	CEP290	26	128	NM_025114.4	c.2991+1655A>G	D-SNV	D-SNV_outDinuc	LCLs	NM_025114.4:c.2991+1655A>G	strengthening_donor
CFTR-3-1	CFTR	3	183	NM_000492.4	c.274G>T	DIST3	DIST3	Nasal epithelial cells, peripheral blood lymphocytes.	NM_000492.4:c.274G>T	strengthening_donor
CFTR-7-1	CFTR	7	97	NM_000492.4	c.1002–1113_1002-1110delGAAT	M-OTH	M-OTH	Nasal epithelial cells	NM_000492.4:c.1002–1113_1002-1110delGAAT	change_sre
CFTR-11-2	CFTR	11	104	NM_000492.4	c.1584+18672A>G	D-SNV	D-SNV_outDinuc	Nasal epithelial cells	NM_000492.4:c.1584+18672A>G	strengthening_donor
CFTR-12-1a	CFTR	12	49	NM_000492.4	c.1680-886A>G	D-SNV	D-SNV	Nasal polyp, LCLs, peripheral lymphocytes	NM_000492.4:c.1680-886A>G	new_splice_donor
CFTR-12-1b	CFTR	12	53	NM_000492.4	c.1680-883A>G	D-SNV	D-SNV	Minigene bronchial BEAS-2B; Nasal epithelial cells	NM_000492.4:c.1680-883A>G	new_splice_donor
CFTR-12-1c	CFTR	12	53	NM_000492.4	c.1680-877G>T	D-SNV	D-SNV_outDinuc	Nasal epithelial cells	NM_000492.4:c.1680-877G>T	strengthening_donor
CFTR-18-1	CFTR	18	118	NM_000492.4	c.2989-313A>T	D-SNV	D-SNV	Nasal epithelial cells	NM_000492.4:c.2989-313A>T	new_splice_donor
CFTR-21-1	CFTR	21	214	NM_000492.4	c.3469-1304C>G	D-SNV	D-SNV	Colorectal biopsy	NM_000492.4:c.3469-1304C>G	new_splice_donor
CFTR-22-1	CFTR	22	84	NM_000492.4	c.3718-2477C>T	D-SNV	D-SNV	Nasal epithelial cells	NM_000492.4:c.3718-2477C>T	new_splice_donor
CFTR-23-1	CFTR	23	125	NM_000492.4	c.3874-4522A>G	A-SNV	A-SNV	Nasal epithelial cells	NM_000492.4:c.3874-4522A>G	new_splice_acceptor
CHM-4-1	CHM	4	98	NM_000390.4	c.315-4587T>A	A-SNV	A-SNV	LCLs	NM_000390.4:c.315-4587T>A	new_splice_acceptor
CLCN7-17-1	CLCN7	17	109	NM_001287.6	c.1617+119G>A	A-SNV	A-SNV	Whole blood	NM_001287.6:c.1617+119G>A	new_splice_acceptor
CLRN1-1-1	CLRN1	1	230	NM_001195794.1	c.254-649T>G	D-SNV	D-SNV	Minigene + HEK293 cells	NM_001195794.1:c.254-649T>G	new_splice_donor
CNGB3-14-1	CNGB3	14	34	NM_019098.4	c.1663–1205G>A	D-SNV	D-SNV_outDinuc	HEK293T	NM_019098.4:c.1663–1205G>A	strengthening_donor
CNGB3-14-2	CNGB3	14	100	NM_019098.4	c.1663-2137C>T	D-SNV	D-SNV	HEK293T	NM_019098.4:c.1663-2137C>T	new_splice_donor
COL11A1-48-1	COL11A1	48	50	NM_001854.4	c.3708+437T>G	D-SNV	D-SNV	Fibroblasts	NM_001854.4:c.3708+437T>G	new_splice_donor
COL1A2-1-1	COL1A2	1	105	NM_000089.4	c.70+717A>G	D-SNV	D-SNV	Cultured dermal fibroblasts	NM_000089.4:c.70+717A>G	new_splice_donor
COL4A3-48-1	COL4A3	48	139	NM_000091.5	c.4463-523C>G	D-SNV	D-SNV	Blood	NM_000091.5:c.4463-523C>G	new_splice_donor
COL4A3-48-1	COL4A3	48	139	NM_000091.5	c.4463-537A>G	M-SNV	M-SNV	Blood	NM_000091.5:c.4463-537A>G	change_sre
COL4A3-51-1	COL4A3	51	74	NM_000091.5	c.4929-388G>T	A-SNV	A-SNV_outDinuc	LCLs	NM_000091.5:c.4929-388G>T	strengthening_acceptor
COL4A4-22-1	COL4A4	22	109	NM_000092.5	c.1623+570A>G	D-SNV	D-SNV_outDinuc	Urine	NM_000092.5:c.1623+570A>G	strengthening_donor
COL4A4-22-1	COL4A4	22	109	NM_000092.5	c.1623+702T>A	D-SNV	D-SNV_outDinuc	Urine	NM_000092.5:c.1623+702T>A	strengthening_donor
COL4A5-4-1	COL4A5	4	58	NM_000495.5	c.277-559A>G	M-SNV	M-SNV	Urine	NM_000495.5:c.277-559A>G	change_sre
COL4A5-6-1	COL4A5	6	147	NM_000495.5	c.385-719G>A	M-SNV	M-SNV	Hair bulb	NM_000495.5:c.385-719G>A	change_sre
COL4A5-10-1a	COL4A5	10	123	NM_000495.5	c.609+875G>T	D-SNV	D-SNV	Blood leukocytes, kidneys and/or hair roots	NM_000495.5:c.609+875G>T	new_splice_donor
COL4A5-10-1b	COL4A5	10	128	NM_000495.5	c.609+879A>G	D-SNV	D-SNV	Urine	NM_000495.5:c.609+879A>G	new_splice_donor
COL4A5-21-1	COL4A5	21	93	NM_000495.5	c.1423-367C>T	D-SNV	D-SNV	Minigene-transfected HEK293T and HeLa cells	NM_000495.5:c.1423-367C>T	new_splice_donor
COL4A5-25-1	COL4A5	25	106	NM_000495.5	c.1948+894C>G	A-SNV	A-SNV	Blood leukocytes, kidneys and/or hair roots	NM_000495.5:c.1948+894C>G	new_splice_acceptor
COL4A5-29-1	COL4A5	29	53	NM_000495.5	c.2395+1275C>G	BPD	BPD	Urine	NM_000495.5:c.2395+1275C>G	branchpoint_associated
COL4A5-29-1	COL4A5	29	53	NM_000495.5	c.2395+1292G>T	BPD	A-SNV_outDinuc	Urine	NM_000495.5:c.2395+1292G>T	strengthening_acceptor
COL4A5-29-2	COL4A5	29	30	NM_000495.5	c.2395+2750A>G	A-SNV	A-SNV	Hair bulb	NM_000495.5:c.2395+2750A>G	new_splice_acceptor
COL4A5-37-1	COL4A5	37	72	NM_000495.5	c.3373+6282_3791-2599del	M-OTH	M-OTH	Peripheral blood leukocytes	NM_000495.5:c.3373+6282_3791-2599del	change_sre
COL4A5-47-1	COL4A5	47	84	NM_000495.5	c.4510+1754T>G	D-SNV	D-SNV_outDinuc	Blood leukocytes, kidneys and/or hair roots	NM_000495.5:c.4510+1754T>G	strengthening_donor
COL4A5-47-2	COL4A5	47	84	NM_000495.5	c.4511-345A>G	D-SNV	D-SNV	Blood leukocytes, kidneys and/or hair roots	NM_000495.5:c.4511-345A>G	new_splice_donor
COL6A1-11-1	COL6A1	11	72	NM_001848.3	c.930+189C>T	D-SNV	D-SNV	Skeletal muscle; Skin fibroblasts, muscle; Muscle	NM_001848.3:c.930+189C>T	new_splice_donor
COLQ-1-1a	COLQ	1	94	NM_080538.2	c.107-1G>A	DIST3	DIST3	Frozen muscle biopsy	NM_080538.2:c.107-1G>A	strengthening_donor
COLQ-1-1b	COLQ	1	94	NM_080538.2	c.107-1G>A	DIST3	DIST3	Frozen muscle biopsy	NM_080538.2:c.107-1G>A	strengthening_donor
CPS1-30-1	CPS1	30	94	NM_001122633.3	c.3559-745A>G	D-SNV	D-SNV	Fibroblasts, blood or liver (not specified)	NM_001122633.3:c.3559-745A>G	new_splice_donor
CPS1-35-1	CPS1	35	89	NM_001122633.3	c.4102-239A>G	D-SNV	D-SNV	Fibroblasts, blood or liver (not specified)	NM_001122633.3:c.4102-239A>G	new_splice_donor
CRTAP-1-1	CRTAP	1	73	NM_006371.5	c.472-1021C>G	D-SNV	D-SNV	Cultured skin fibroblasts	NM_006371.5:c.472-1021C>G	new_splice_donor
CSF1R-15-1	CSF1R	15	99	NM_001349736.2	c.1969+115_1969+116delAG	M-OTH	M-OTH	Fibroblasts	NM_001349736.2:c.1969+115_1969+116delAG	change_sre
CTDP1-6-1	CTDP1	6	95	NM_004715.5	c.637+389C>T	D-SNV	D-SNV	LCLs, myoblasts, Schwann cells, fibroblasts	NM_004715.5:c.637+389C>T	new_splice_donor
CUBN-23-1a	CUBN	23	66	NM_001081.4	c.3330-439C>G	D-SNV	D-SNV	Fresh blood, LCLs	NM_001081.4:c.3330-439C>G	new_splice_donor
CUBN-23-1b	CUBN	23	126	NM_001081.4	c.3330-439C>G	D-SNV	D-SNV	Fresh blood, LCLs	NM_001081.4:c.3330-439C>G	new_splice_donor
CYBB-3-1	CYBB	3	124	NM_000397.4	c.253–1879A>G	D-SNV	D-SNV_outDinuc	Mononuclear cells or lymphoblastoids	NM_000397.4:c.253–1879A>G	strengthening_donor
CYBB-5-1a	CYBB	5	110	NM_000397.4	c.483+978G>T	D-SNV	D-SNV	LCLs; Patient cells - not specified	NM_000397.4:c.483+978G>T	new_splice_donor
CYBB-5-1b	CYBB	5	61	NM_000397.4	c.483+978G>T	D-SNV	D-SNV	LCLs; Patient cells - not specified	NM_000397.4:c.483+978G>T	new_splice_donor
CYBB-6-1	CYBB	6	94	NM_000397.4	c.674+1080A>G	A-SNV	A-SNV	Whole blood	NM_000397.4:c.674+1080A>G	new_splice_acceptor
CYBB-6-2	CYBB	6	56	NM_000397.4	c.675-1157A>G	D-SNV	D-SNV	PBMCs	NM_000397.4:c.675-1157A>G	new_splice_donor
CYLD-9-1	CYLD	9	65	NM_015247.3	c.1139-148A>G	D-SNV	D-SNV	Peripheral blood	NM_015247.3:c.1139-148A>G	new_splice_donor
DBT-8-1	DBT	8	126	NM_001918.5	c.1018-550A>G	D-SNV	D-SNV	LCLs	NM_001918.5:c.1018-550A>G	new_splice_donor
DGKE-5-1	DGKE	5	95	NM_003647.3	c.888+40A>G	DIST5	DIST5	Peripheral blood	NM_003647.3:c.888+40A>G	strengthening_acceptor
DICER1-24-1	DICER1	24	132	NM_001291628.1	c.5364+1187T>G	A-SNV	A-SNV	LCLs	NM_001291628.1:c.5364+1187T>G	new_splice_acceptor
DKC1-1-1	DKC1	1	247	NM_001363.5	c.16+592C>G	D-SNV	D-SNV_outDinuc	Peripheral blood cells; LCLs	NM_001363.5:c.16+592C>G	strengthening_donor
DMD-1-4	DMD	1	149	NM_004006.3	c.31+36947G>A	A-SNV	A-SNV	Skeletal muscle; muscle/fibros/t-myotubes	NM_004006.3:c.31+36947G>A	new_splice_acceptor
DMD-2-1a	DMD	2	153	NM_004006.3	c.exon8_11dup	DIST3	DIST3	Lymphocytes	NM_004006.3:c.exon8_11dup	strengthening_donor
DMD-2-1b	DMD	2	157	NM_004006.3	c.exon8_11dup	DIST3	DIST3	Lymphocytes	NM_004006.3:c.exon8_11dup	strengthening_donor
DMD-2-3	DMD	2	74	NM_004006.3	c.94-78858C>G	M-SNV	M-SNV	Muscle biopsy	NM_004006.3:c.94-78858C>G	change_sre
DMD-2-3	DMD	2	74	NM_004006.3	c.94-78836T>G	M-SNV	M-SNV	Muscle biopsy	NM_004006.3:c.94-78836T>G	change_sre
DMD-2-5a	DMD	2	132	NM_004006.3	c.93+5590T>A	A-SNV	A-SNV	Lymphocytes, skeletal muscle	NM_004006.3:c.93+5590T>A	new_splice_acceptor
DMD-2-5b	DMD	2	46	NM_004006.3	c.93+5590T>A	A-SNV	A-SNV	Lymphocytes	NM_004006.3:c.93+5590T>A	new_splice_acceptor
DMD-3-1a	DMD	3	62	NM_004006.3	c.280Adel	DIST3	DIST3	Lymphocytes	NM_004006.3:c.280Adel	strengthening_donor
DMD-3-1b	DMD	3	357	NM_004006.3	c.exon8_11dup	DIST3	DIST3	Lymphocytes	NM_004006.3:c.exon8_11dup	strengthening_donor
DMD-4-1	DMD	4	132	NM_004006.3	c.265-463A>G	D-SNV	D-SNV	Skeletal muscle	NM_004006.3:c.265-463A>G	new_splice_donor
DMD-7-1	DMD	7	77	NM_004006.3	c.650-39575A>C	D-SNV	D-SNV	Skeletal muscle	NM_004006.3:c.650-39575A>C	new_splice_donor
DMD-7-1	DMD	7	77	NM_004006.3	c.650-39498A>G	D-SNV	D-SNV	Skeletal muscle	NM_004006.3:c.650-39498A>G	new_splice_donor
DMD-9-1a	DMD	9	90	NM_004006.3	c.961-5925A>C	A-SNV	A-SNV_outDinuc	Skeletal muscle	NM_004006.3:c.961-5925A>C	strengthening_acceptor
DMD-9-1b	DMD	9	90	NM_004006.3	c.961-5831C>T	D-SNV	D-SNV	Skeletal muscle	NM_004006.3:c.961-5831C>T	new_splice_donor
DMD-10-1a	DMD	10	112	NM_004006.3	c.1149+250C>T	D-SNV	D-SNV	Urinary stem cells	NM_004006.3:c.1149+250C>T	new_splice_donor
DMD-10-1b	DMD	10	141	NM_004006.3	c.1149+250C>T	D-SNV	D-SNV	Urinary stem cells	NM_004006.3:c.1149+250C>T	new_splice_donor
DMD-11-1a	DMD	11	120	NM_004006.3	c.1331-11868C>G	D-SNV	D-SNV	Frozen muscle biopsy	NM_004006.3:c.1331-11868C>G	new_splice_donor
DMD-11-1b	DMD	11	79	NM_004006.3	c.1332-11909C>G	D-SNV	D-SNV	Skeletal muscle	NM_004006.3:c.1332-11909C>G	new_splice_donor
DMD-11-2	DMD	11	159	NM_004006.3	c.1331+2382_1331+14010del	M-OTH	M-OTH	Multiple tissue types	NM_004006.3:c.1331+2382_1331+14010del	change_sre
DMD-11-3	DMD	11	157	NM_004006.3	c.1336_1337del	DIST3	DIST3	Lymphocytes	NM_004006.3:c.1336_1337del	strengthening_donor
DMD-12-1	DMD	12	98	NM_004006.3	c.1482+323C>G	A-SNV	A-SNV	Muscle biopsy	NM_004006.3:c.1482+323C>G	new_splice_acceptor
DMD-18-1	DMD	18	132	NM_004006.3	c.2622+1G>A	DIST3	DIST3	Lymphocytes	NM_004006.3:c.2622+1G>A	strengthening_donor
DMD-21-2	DMD	21	88	NM_004006.3	c.2803+3252A>G	D-SNV	D-SNV	Frozen muscle biopsy	NM_004006.3:c.2803+3252A>G	new_splice_donor
DMD-25-1a	DMD	25	172	NM_004006.3	c.3432+2240A>G	D-SNV	D-SNV	Skeletal muscle	NM_004006.3:c.3432+2240A>G	new_splice_donor
DMD-25-1b	DMD	25	202	NM_004006.3	c.3432+2240A>G	D-SNV	D-SNV	Skeletal muscle	NM_004006.3:c.3432+2240A>G	new_splice_donor
DMD-25-2	DMD	25	95	NM_004006.3	c.3432+2036A>G	A-SNV	A-SNV	Skeletal muscle	NM_004006.3:c.3432+2036A>G	new_splice_acceptor
DMD-26-1	DMD	26	80	NM_004006.3	c.3603+2053G>C	M-SNV	M-SNV	Skeletal muscle	NM_004006.3:c.3603+2053G>C	change_sre
DMD-26-2	DMD	26	84	NM_004006.3	c.3603+820G>T	BPD	BPD	Muscle biopsy	NM_004006.3:c.3603+820G>T	branchpoint_associated
DMD-27-1	DMD	27	119	NM_004006.3	c.3787-843C>A	D-SNV	D-SNV_outDinuc	Lymphocytes or skeletal muscle (unspecified)	NM_004006.3:c.3787-843C>A	strengthening_donor
DMD-30-1	DMD	30	189	NM_004006.3	c.4233+2251_4233+5763delins40	A-OTH	A-OTH	Muscle biopsy	NM_004006.3:c.4233+2251_4233+5763delins40	new_splice_acceptor
DMD-32-1a	DMD	32	167	NM_004006.3	c.4518+512T>A	A-SNV	A-SNV	Skeletal muscle	NM_004006.3:c.4518+512T>A	new_splice_acceptor
DMD-34-1	DMD	34	167	NM_004006.3	c.4846-6885_6118-6369delinsATACAATA	M-OTH	M-OTH	Unspecified	NM_004006.3:c.4846-6885_6118-6369delinsATACAATA	change_sre
DMD-34-1	DMD	34	167	NM_004006.3	c.4846-6900_4846-6899ins17	M-OTH	M-OTH	Unspecified	NM_004006.3:c.4846-6900_4846-6899ins17	change_sre
DMD-37-1	DMD	37	51	NM_004006.3	c.5326-215T>G	A-SNV	A-SNV	Skeletal muscle	NM_004006.3:c.5326-215T>G	new_splice_acceptor
DMD-37-2	DMD	37	77	NM_004006.3	c.5325+1740_5325+1757del	BPD	BPD	MyoD transformed fibroblasts	NM_004006.3:c.5325+1740_5325+1757del	branchpoint_associated
DMD-40-1	DMD	40	78	NM_004006.3	c.5739+362A>G	D-SNV	D-SNV	Muscle biopsy; Frozen muscle biopsy	NM_004006.3:c.5739+362A>G	new_splice_donor
DMD-43-1	DMD	43	58	NM_004006.3	c.6291-21015_6438+98743dupinsA	DIST5	DIST5	Unspecified	NM_004006.3:c.6291-21015_6438+98743dupinsA	strengthening_acceptor
DMD-43-1	DMD	43	58	NM_004006.3	c.6291-21008_6291-21007insCTCCCCTGAACATGG	DIST5	DIST5	Unspecified	NM_004006.3:c.6291-21008_6291-21007insCTCCCCTGAACATGG	strengthening_acceptor
DMD-43-2	DMD	43	128	NM_004006.3	c.6290+30954C>T	D-SNV	D-SNV	Skeletal muscle	NM_004006.3:c.6290+30954C>T	new_splice_donor
DMD-44-2	DMD	44	82	NM_004006.3	c.6439-55885_6912+26363del	D-OTH	D-OTH	MyoD transformed fibroblasts	NM_004006.3:c.6439-55885_6912+26363del	new_splice_donor
DMD-45-1	DMD	45	137	NM_004006.3	c.6614+3310G>T	D-SNV	D-SNV	Skeletal muscle	NM_004006.3:c.6614+3310G>T	new_splice_donor
DMD-47-1	DMD	47	72	NM_004006.3	c.6913-4037T>G	A-SNV	A-SNV	Skeletal muscle; Muscle biopsy	NM_004006.3:c.6913-4037T>G	new_splice_acceptor
DMD-48-1	DMD	48	161	NM_004006.3	c.7098+900_7098+12242delinsTGCTGCAT	M-OTH	M-OTH	Muscle biopsy	NM_004006.3:c.7098+900_7098+12242delinsTGCTGCAT	change_sre
DMD-51-2	DMD	51	103	NM_004006.3	c.7542+8951_7542+8952ins6091	D-OTH	D-OTH	Skeletal muscle	NM_004006.3:c.7542+8951_7542+8952ins6091	new_splice_donor
DMD-52-1	DMD	52	52	NM_004006.3	c.7661-1646C>G	D-SNV	D-SNV	Muscle biopsy	NM_004006.3:c.7661-1646C>G	new_splice_donor
DMD-55-1	DMD	55	73	NM_004006.3	c.8217+32103G>T	D-SNV	D-SNV	Skeletal muscle	NM_004006.3:c.8217+32103G>T	new_splice_donor
DMD-55-2	DMD	55	50	NM_004006.3	c.8217+18052A>G	A-SNV	A-SNV	Skeletal muscle	NM_004006.3:c.8217+18052A>G	new_splice_acceptor
DMD-60-1	DMD	60	89	NM_004006.3	c.9085-15519G>T	D-SNV	D-SNV	Skeletal muscle	NM_004006.3:c.9085-15519G>T	new_splice_donor
DMD-62-1	DMD	62	58	NM_004006.3	c.9225-285A>G	D-SNV	D-SNV_outDinuc	Skeletal muscle [A, C, E]; Lymphocytes or skeletal muscle (unspecified)	NM_004006.3:c.9225-285A>G	strengthening_donor
DMD-62-2	DMD	62	67	NM_004006.3	c.9225-647A>G	D-SNV	D-SNV	Skeletal muscle	NM_004006.3:c.9225-647A>G	new_splice_donor
DMD-65-1	DMD	65	53	NM_004006.3	c.9564-427T>G	D-SNV	D-SNV_outDinuc	Skeletal muscle	NM_004006.3:c.9564-427T>G	strengthening_donor
DMD-65-2	DMD	65	147	NM_004006.3	c.9563+1215A>G	D-SNV	D-SNV	Skeletal muscle	NM_004006.3:c.9563+1215A>G	new_splice_donor
DMD-67-1	DMD	67	121	NM_004006.3	c.9807+2714C>T	D-SNV	D-SNV	Lymphocytes or skeletal muscle (unspecified)	NM_004006.3:c.9807+2714C>T	new_splice_donor
DMD-68-1	DMD	68	88	NM_004006.3	c.9974+175T>A	D-SNV	D-SNV_outDinuc	Muscle biopsy	NM_004006.3:c.9974+175T>A	strengthening_donor
DNAH11-39-1	DNAH11	39	38	NM_001277115.2	c.6547-963G>A	D-SNV	M-SNV	Lymphoblasts	NM_001277115.2:c.6547-963G>A	change_sre
DNAH11-65-1	DNAH11	65	159	NM_001277115.2	c.13523_13543dup	DIST3	DIST3	Peripheral blood	NM_001277115.2:c.13523_13543dup	strengthening_donor
DPYD-10-1	DPYD	10	44	NM_000110.4	c.1129-5923C>G	D-SNV	D-SNV	Heparinized blood + cultured fibroblasts	NM_000110.4:c.1129-5923C>G	new_splice_donor
DYSF-45-1	DYSF	45	177	NM_001130987.2	c.4886+1249G>T	D-SNV	D-SNV	Myogenic-converted fibroblasts	NM_001130987.2:c.4886+1249G>T	new_splice_donor
DYSF-48-1	DYSF	48	132	NM_001130987.2	c.5341-415A>G	D-SNV	D-SNV	Muscle biopsy	NM_001130987.2:c.5341-415A>G	new_splice_donor
DYSF-51-1a	DYSF	51	180	NM_001130987.2	c.5668-824C>T	D-SNV	D-SNV	Myofibres transduced from fibroblasts	NM_001130987.2:c.5668-824C>T	new_splice_donor
DYSF-51-1b	DYSF	51	180	NM_001130987.2	c.4060_4062delTCC	DIST5	DIST5	Muscle biopsy	NM_001130987.2:c.4060_4062delTCC	strengthening_acceptor
EPCAM-7-1	EPCAM	7	111	NM_002354.3	c.859-1462_*1999del	DIST5	DIST5	LCLs	NM_002354.3:c.859-1462_*1999del	strengthening_acceptor
ERCC8-2-1	ERCC8	2	348	NM_000082.4	c.173+1119G>C	M-SNV	M-SNV	Skin fibroblasts	NM_000082.4:c.173+1119G>C	change_sre
ERCC8-2-2	ERCC8	2	69	NM_000082.4	c.173+1046A>G	D-SNV	D-SNV	Fibroblasts	NM_000082.4:c.173+1046A>G	new_splice_donor
ETFDH-1-1a	ETFDH	1	169	NM_004453.4	c.35-768T>G	D-SNV	D-SNV	Blood	NM_004453.4:c.35-768T>G	new_splice_donor
ETFDH-1-1b	ETFDH	1	409	NM_004453.4	c.35-1008A>G	D-SNV	D-SNV	Blood	NM_004453.4:c.35-1008A>G	new_splice_donor
ETFDH-2-1	ETFDH	2	55	NM_004453.4	c.176-636C>G	A-SNV	A-SNV	Whole Blood	NM_004453.4:c.176-636C>G	new_splice_acceptor
F5-8-1	F5	8	111	NM_000130.5	c.1296+268A>G	D-SNV	D-SNV	Platelets	NM_000130.5:c.1296+268A>G	new_splice_donor
F7-6-1	F7	6	282	NM_000131.4	c.572-392C>G	D-SNV	D-SNV	Minigene + HEK293T cells	NM_000131.4:c.572-392C>G	new_splice_donor
F8-1-1	F8	1	191	NM_000132.4	c.143+1567A>G	D-SNV	D-SNV	Peripheral blood lymphocytes	NM_000132.4:c.143+1567A>G	new_splice_donor
F8-9-1	F8	9	262	NM_000132.4	c.1443+602A>G	A-SNV	A-SNV	Lymphocytes	NM_000132.4:c.1443+602A>G	new_splice_acceptor
F8-10-1	F8	10	226	NM_000132.4	c.1537+325A>G	D-SNV	D-SNV	Peripheral blood cells	NM_000132.4:c.1537+325A>G	new_splice_donor
F8-13-1	F8	13	113	NM_000132.4	c.2113+1153G>C	M-SNV	M-SNV	Leukocytes	NM_000132.4:c.2113+1153G>C	change_sre
F8-13-2a	F8	13	122	NM_000132.4	c.2113+461_2113+473del	BPD	A-SNV_outDinuc	Blood	NM_000132.4:c.2113+461_2113+473del	strengthening_acceptor
F8-13-2b	F8	13	122	NM_000132.4	c.2113+601G>A	D-SNV	D-SNV_outDinuc	Lymphocytes	NM_000132.4:c.2113+601G>A	strengthening_donor
F8-14-1	F8	14	124	NM_000132.4	c.5220-8563A>G	A-SNV	A-SNV	Leukocytes	NM_000132.4:c.5220-8563A>G	new_splice_acceptor
F8-16-1a	F8	16	56	NM_000132.4	c.5587-93C>T	D-SNV	D-SNV	Peripheral blood lymphocytes	NM_000132.4:c.5587-93C>T	new_splice_donor
F8-16-1b	F8	16	49	NM_000132.4	c.5587-98G>A	D-SNV	D-SNV_outDinuc	Minigene + HEK293T cells	NM_000132.4:c.5587-98G>A	strengthening_donor
F8-18-1	F8	18	55	NM_000132.4	c.5999-277G>A	D-SNV	D-SNV_outDinuc	Buffy Coat	NM_000132.4:c.5999-277G>A	strengthening_donor
F8-18-2b	F8	18	126	NM_000132.4	c.5999-798G>A	BPD	D-SNV_outDinuc	Peripheral blood	NM_000132.4:c.5999-798G>A	strengthening_donor
F8-18-2a	F8	18	35	NM_000132.4	c.5999-277G>A	DIST3	DIST3	Buffy Coat	NM_000132.4:c.5999-277G>A	strengthening_donor
F8-18-3	F8	18	105	NM_000132.4	c.5998+529C>T	D-SNV	D-SNV	Peripheral blood	NM_000132.4:c.5998+529C>T	new_splice_donor
FBN1-56-1	FBN1	56	90	NM_000138.5	c.6872-961A>G	D-SNV	D-SNV	Fibroblasts	NM_000138.5:c.6872-961A>G	new_splice_donor
FBN1-64-1	FBN1	64	93	NM_000138.5	c.8051+375G>T	D-SNV	D-SNV	Fibroblasts	NM_000138.5:c.8051+375G>T	new_splice_donor
FBXO38-9-1	FBXO38	9	159	NM_030793.5	c.1093+532C>G	DIST3	DIST3	Whole blood, lung tissue	NM_030793.5:c.1093+532C>G	strengthening_donor
FERMT1-9-1	FERMT1	9	124	NM_017671.5	c.1129+740G>A	A-SNV	A-SNV	Not stated (but presumably fibroblasts)	NM_017671.5:c.1129+740G>A	new_splice_acceptor
FGB-1-1	FGB	1	50	NM_005141.5	c.115–600A>G	M-SNV	M-SNV	N/A; Minigene COS7 cells	NM_005141.5:c.115–600A>G	change_sre
FGG-6-1	FGG	6	75	NM_000509.5	c.667-320A>T	D-SNV	D-SNV_outDinuc	Minigene-plasmid transfected COS1 cells	NM_000509.5:c.667-320A>T	strengthening_donor
FGG-8-1	FGG	8	45	NM_000509.5	c.1129+632A>G	D-SNV	D-SNV	Unknown (abstract only)	NM_000509.5:c.1129+632A>G	new_splice_donor
FKTN-6-1	FKTN	6	64	NM_001079802.2	c.648-1243G>T	D-SNV	D-SNV_outDinuc	Muscle biopsy	NM_001079802.2:c.648-1243G>T	strengthening_donor
GAA-1-1	GAA	1	102	NM_000152.5	c.-32-13T>G	DIST3	DIST3	iPSC-derived myogenic progenitors	NM_000152.5:c.-32-13T>G	strengthening_donor
GAA-15-1a	GAA	15	45	NM_000152.5	c.2190-345A>G	A-SNV	A-SNV	Minigene-transfected HEK293T cells	NM_000152.5:c.2190-345A>G	new_splice_acceptor
GAA-15-1b	GAA	15	63	NM_000152.5	c.2190-345A>G	A-SNV	A-SNV	Minigene-transfected HEK293T cells	NM_000152.5:c.2190-345A>G	new_splice_acceptor
GALC-6-1	GALC	6	34	NM_000153.4	c.621+777T>C	M-SNV	M-SNV	Lymphoblasts/leukocytes/fibroblasts	NM_000153.4:c.621+777T>C	change_sre
GALC-6-1	GALC	6	34	NM_000153.4	c.331G>A	M-SNV	M-SNV	Lymphoblasts/leukocytes/fibroblasts	NM_000153.4:c.331G>A	change_sre
GALNS-8-1	GALNS	8	53	NM_000512.5	c.899-167A>G	D-SNV	D-SNV	cycloheximide-treated T-lymphocytes	NM_000512.5:c.899-167A>G	new_splice_donor
GALT-10-1	GALT	10	187	NM_000155.4	c.1059+390A>G	A-SNV	A-SNV	Not stated, likely whole blood	NM_000155.4:c.1059+390A>G	new_splice_acceptor
GHR-6-1a	GHR	6	108	NM_000163.5	c.618+792A>G	D-SNV	D-SNV	Fibroblasts	NM_000163.5:c.618+792A>G	new_splice_donor
GHR-6-1b	GHR	6	151	NM_000163.5	c.618+836T>G	D-SNV	D-SNV	Minigene-transfected HEK293T cells	NM_000163.5:c.618+836T>G	new_splice_donor
GK-3-1	GK	3	212	NM_203391.3	c.259+2254G>A	A-SNV	A-SNV	Fibroblasts; Fibroblasts	NM_203391.3:c.259+2254G>A	new_splice_acceptor
GLA-3-1	GLA	3	115	NM_000169.3	c.547+395G>C	M-SNV	M-SNV	Whole blood	NM_000169.3:c.547+395G>C	change_sre
GLA-4-1	GLA	4	304	NM_000169.3	c.639+329_639+330ins113	M-OTH	M-OTH	Whole blood	NM_000169.3:c.639+329_639+330ins113	change_sre
GNPTAB-18-1	GNPTAB	18	62	NM_024312.5	c.3435-386_3602+343del897	DIST3	DIST3	Cultured fibroblasts	NM_024312.5:c.3435-386_3602+343del897	strengthening_donor
GPR143-5-1	GPR143	5	41	NM_000273.3	c.659-131T>G	D-SNV	D-SNV	Minigene + HEK293T cells and HCT116	NM_000273.3:c.659-131T>G	new_splice_donor
GPR143-7-1	GPR143	7	165	NM_000273.3	c.885+748G>A	A-SNV	A-SNV	Melanocyte cells	NM_000273.3:c.885+748G>A	new_splice_acceptor
GPR179-2-1	GPR179	2	198	NM_001004334.4	c.903+343G>A	A-SNV	A-SNV	Minigene + HEK293T cells, LCLs	NM_001004334.4:c.903+343G>A	new_splice_acceptor
GRM6-7-1	GRM6	7	75	NM_000843.4	c.1355-587dupA	D-OTH	D-OTH_outDinuc	Midigene + HEK293T cells	NM_000843.4:c.1355-587dupA	strengthening_donor
GSS-2-1	GSS	2	94	NM_000178.4	c.129+1663A>G	D-SNV	D-SNV	Cultured fibroblasts	NM_000178.4:c.129+1663A>G	new_splice_donor
GYG1-4-1	GYG1	4	66	NM_004130.4	c.481+3276C>G	D-SNV	D-SNV_outDinuc	Not stated	NM_004130.4:c.481+3276C>G	strengthening_donor
HADH-5-1	HADH	5	84	NM_001184705.3	c.636+385A>G	A-SNP	A-SNP	Fibroblasts	NM_001184705.3:c.636+385A>G	new_splice_acceptor
HADH-5-1	HADH	5	84	NM_001184705.3	c.636+471G>T	D-SNV	D-SNV	Fibroblasts	NM_001184705.3:c.636+471G>T	new_splice_donor
HADHB-7-1a	HADHB	7	106	NM_000183.3	c.442+616A>G	D-SNV	D-SNV	Fibroblasts	NM_000183.3:c.442+616A>G	new_splice_donor
HADHB-7-1b	HADHB	7	56	NM_000183.3	c.442+616A>G	D-SNV	D-SNV	Fibroblasts	NM_000183.3:c.442+616A>G	new_splice_donor
HBB-2-1a	HBB	2	165	NM_000518.5	c.316-106C>G	D-SNV	D-SNV	HeLa cells	NM_000518.5:c.316-106C>G	new_splice_donor
HBB-2-1b	HBB	2	126	NM_000518.5	c.316-146T>G	D-SNV	D-SNV	pSVOd-transfected COS Cells; pBSV transfected HeLa cells	NM_000518.5:c.316-146T>G	new_splice_donor
HBB-2-1c	HBB	2	73	NM_000518.5	c.316-197C>T	D-SNV	D-SNV	Simian virus transfected HeLa cells	NM_000518.5:c.316-197C>T	new_splice_donor
HGD-1-1	HGD	1	126	NM_000187.4	c.16-2063A>C	M-SNV	M-SNV	Peripheral blood	NM_000187.4:c.16-2063A>C	change_sre
HPRT1-5-1a	HPRT1	5	48	NM_000194.3	c.402+1229A>G	D-SNV	D-SNV	Fibroblast cell line	NM_000194.3:c.402+1229A>G	new_splice_donor
HPRT1-5-1b	HPRT1	5	48	NM_000194.3	c.402+1229A>G	D-SNV	D-SNV	Fibroblast cell line	NM_000194.3:c.402+1229A>G	new_splice_donor
HPRT1-6-1	HPRT1	6	60	NM_000194.3	c.485+1202T>A	A-SNV	A-SNV	WBCs	NM_000194.3:c.485+1202T>A	new_splice_acceptor
HPS3-16-1	HPS3	16	89	NM_032383.5	c.2393-1612G>A	A-SNV	A-SNV	Fibroblasts	NM_032383.5:c.2393-1612G>A	new_splice_acceptor
HSPG2-6-1	HSPG2	6	130	NM_001291860.2	c.574+481C>T	D-SNV	D-SNV	Fibroblasts	NM_001291860.2:c.574+481C>T	new_splice_donor
IDS-3-1a	IDS	3	103	NM_000202.8	c.419G>T	DIST3	DIST3	Fibroblasts	NM_000202.8:c.419G>T	strengthening_donor
IDS-3-1b	IDS	3	103	NM_000202.8	c.418G>A	DIST5	DIST5	Leukocytes	NM_000202.8:c.418G>A	strengthening_acceptor
IDS-3-1c	IDS	3	103	NM_000202.8	c.418G>A	DIST5	DIST5	Leukocytes	NM_000202.8:c.418G>A	strengthening_acceptor
IDS-3-1d	IDS	3	103	NM_000202.8	c.418+1G>C	DIST5	DIST5	Fibroblasts	NM_000202.8:c.418+1G>C	strengthening_acceptor
IGHMBP2-5-1	IGHMBP2	5	137	NM_002180.3	c.712-610A>G	A-SNV	A-SNV	Whole blood	NM_002180.3:c.712-610A>G	new_splice_acceptor
IGHMBP2-8-1	IGHMBP2	8	182	NM_002180.3	c.1235+894C>A	A-SNV	A-SNV	Lymphocytes	NM_002180.3:c.1235+894C>A	new_splice_acceptor
IKBKG-4-1	IKBKG	4	44	NM_001321396.3	c.722+864G>A	D-SNV	D-SNV_outDinuc	iPSCs, iPSC-MLs and iPSC-NPs	NM_001321396.3:c.722+864G>A	strengthening_donor
IKBKG-4-1	IKBKG	4	44	NM_001321396.3	c.722+866C>T	D-SNV	D-SNV_outDinuc	iPSCs, iPSC-MLs and iPSC-NPs	NM_001321396.3:c.722+866C>T	strengthening_donor
INS-2-1	INS	2	79	NM_000207.3	c.187+241G>A	D-SNV	D-SNV_outDinuc	Whole-gene transfected INS-1 cells	NM_000207.3:c.187+241G>A	strengthening_donor
JAM3-3-1	JAM3	3	101	NM_032801.5	c.256+1260G>C	A-SNV	A-SNV_outDinuc	LCLs	NM_032801.5:c.256+1260G>C	strengthening_acceptor
KRIT1-6-1	KRIT1	6	99	NM_194456.1	c.262+132_262+133del	BPD	A-SNV_outDinuc	Peripheral blood leukocytes	NM_194456.1:c.262+132_262+133del	strengthening_acceptor
LDLR-14-1	LDLR	14	132	NM_000527.5	c.2141-218G>A	D-SNV	D-SNV_outDinuc	Whole blood	NM_000527.5:c.2141-218G>A	strengthening_donor
LDLRAP1-7-1	LDLRAP1	7	195	NM_015627.3	c.748-608A>G	A-SNV	A-SNV	Fibroblasts/LCLs	NM_015627.3:c.748-608A>G	new_splice_acceptor
LHCGR-6-1a	LHCGR	6	207	NM_000233.4	c.536+1697A>C	M-SNV	M-SNV	Transfected COS7 cells.	NM_000233.4:c.536+1697A>C	change_sre
LHCGR-6-1b	LHCGR	6	159	NM_000233.4	c.536+1697A>C	M-SNV	M-SNV	Transfected COS7 cells.	NM_000233.4:c.536+1697A>C	change_sre
MCCC2-10-1	MCCC2	10	64	NM_022132.5	c.1054G>A	DIST3	DIST3	Fibroblasts w/ emetine	NM_022132.5:c.1054G>A	strengthening_donor
MFGE8-6-1	MFGE8	6	102	NM_005928.4	c.871-803A>G	DIST3	DIST3	Minigene Hep2 cells	NM_005928.4:c.871-803A>G	strengthening_donor
MLC1-10-1	MLC1	10	246	NM_015166.4	c.895-226T>G	D-SNV	D-SNV	LCLs	NM_015166.4:c.895-226T>G	new_splice_donor
MMUT-11-1a	MMUT	11	76	NM_000255.4	c.1957–898A>G	D-SNV	D-SNV	Fibroblasts	NM_000255.4:c.1957–898A>G	new_splice_donor
MMUT-11-1b	MMUT	11	76	NM_000255.4	c.1957-891C>A	D-SNV	D-SNV_outDinuc	Fibroblasts	NM_000255.4:c.1957-891C>A	strengthening_donor
MMUT-11-1c	MMUT	11	76	NM_000255.4	c.1957-2A>G	DIST3	DIST3	Lymphocytes	NM_000255.4:c.1957-2A>G	strengthening_donor
MMUT-11-1d	MMUT	11	76	NM_000255.4	c.1808G>A	DIST5	DIST5	Fibroblasts/dried blood/whole blood	NM_000255.4:c.1808G>A	strengthening_acceptor
MSH2-1-1	MSH2	1	75	NM_000251.3	c.212-478T>G	D-SNV	D-SNV	LCLs	NM_000251.3:c.212-478T>G	new_splice_donor
MTM1-7-1	MTM1	7	94	NM_000252.3	c.582+1334A>G	A-SNV	A-SNV	LCLs	NM_000252.3:c.582+1334A>G	new_splice_acceptor
MTM1-13-1	MTM1	13	48	NM_000252.3	c.1468-577A>G	D-SNV	D-SNV_outDinuc	Cycloheximide-treated fibroblasts	NM_000252.3:c.1468-577A>G	strengthening_donor
MTR-6-1a	MTR	6	78	NM_000254.3	c.609+1088G>A	A-SNV	A-SNV	Patient fibroblasts	NM_000254.3:c.609+1088G>A	new_splice_acceptor
MTR-6-1b	MTR	6	129	NM_000254.3	c.609+1088G>A	A-SNV	A-SNV	Patient fibroblasts	NM_000254.3:c.609+1088G>A	new_splice_acceptor
MYBPC3-12-1b	MYBPC3	12	85	NM_000256.3	c.1090-575A>C	A-SNV	A-SNV_outDinuc	Not specified, but presumably PBMCs	NM_000256.3:c.1090-575A>C	strengthening_acceptor
MYBPC3-12-2	MYBPC3	12	77	NM_000256.3	c.1090+453C>T	D-SNV	D-SNV	PBMCs, IPSC-cardiomyocytes; IPSC-cardiomyocytes	NM_000256.3:c.1090+453C>T	new_splice_donor
MYBPC3-20-1b	MYBPC3	20	138	NM_000256.3	c.1928-569G>T	D-SNV	D-SNV	iPSC cardiomyocytes	NM_000256.3:c.1928-569G>T	new_splice_donor
MYBPC3-20-1a	MYBPC3	20	94	NM_000256.3	c.1927+600C>T	D-SNV	D-SNV	Whole blood	NM_000256.3:c.1927+600C>T	new_splice_donor
MYO6-23-1	MYO6	23	108	NM_004999.4	c.2416+2321T>G	D-SNV	D-SNV	LCLs	NM_004999.4:c.2416+2321T>G	new_splice_donor
NBAS-22-1	NBAS	22	131	NM_015909.4	c.2423+404G>C	M-SNV	M-SNV	Cycloheximide-treated fibroblasts	NM_015909.4:c.2423+404G>C	change_sre
NDUFAF5-1-1	NDUFAF5	1	259	NM_024120.5	c.223-907A>C	M-SNV	M-SNV	Fibroblasts	NM_024120.5:c.223-907A>C	change_sre
NDUFB10-1-1	NDUFB10	1	94	NM_004548.3	c.131-442G>C	M-SNV	M-SNV	Cycloheximide-treated fibroblasts, transfected HEK293 cells	NM_004548.3:c.131-442G>C	change_sre
NDUFS7-1-1	NDUFS7	1	122	NM_024407.5	c.17-1167C>G	D-SNV	D-SNV_outDinuc	Fibroblasts	NM_024407.5:c.17-1167C>G	strengthening_donor
NEB-17-1	NEB	17	67	NM_001164507.1	c.1569+339A>G	A-SNV	A-SNV	Frozen skeletal muscle, LCLs, fibroblasts	NM_001164507.1:c.1569+339A>G	new_splice_acceptor
NEB-169-1	NEB	169	62	NM_001164507.1	c.24115-151C>A	M-SNV	M-SNV	Skeletal muscle	NM_001164507.1:c.24115-151C>A	change_sre
NF1-1-1	NF1	1	69	NM_001042492.3	c.60+9031_9035delAAGTT	D-OTH	D-OTH	Whole blood	NM_001042492.3:c.60+9031_9035delAAGTT	new_splice_donor
NF1-1-4	NF1	1	74	NM_001042492.3	c.61-7486G>T	D-SNV	D-SNV_outDinuc	Whole blood	NM_001042492.3:c.61-7486G>T	strengthening_donor
NF1-3-1	NF1	3	118	NM_001042492.3	c.288+1137C>T	D-SNV	D-SNV	Whole blood	NM_001042492.3:c.288+1137C>T	new_splice_donor
NF1-3-2	NF1	3	108	NM_001042492.3	c.288+2025T>G	D-SNV	D-SNV	Skin fibroblasts, LCLs	NM_001042492.3:c.288+2025T>G	new_splice_donor
NF1-4-1	NF1	4	31	NM_001042492.3	c.556G>T	DIST3	DIST3	Leukocytes; Lymphocytes; Peripheral blood; Lymphocytes	NM_001042492.3:c.556G>T	strengthening_donor
NF1-8-2	NF1	8	79	NM_001042492.3	c.889-7324A>G	D-SNV	D-SNV	Lymphocytes; Whole blood	NM_001042492.3:c.889-7324A>G	new_splice_donor
NF1-8-3	NF1	8	58	NM_001042492.3	c.889-941G>T	BPD	A-SNV_outDinuc	Puromycin treated lymphocytes	NM_001042492.3:c.889-941G>T	strengthening_acceptor
NF1-11-1	NF1	11	42	NM_001042492.3	c.1260+1604A>G	A-SNV	A-SNV	Peripheral blood; Whole blood;	NM_001042492.3:c.1260+1604A>G	new_splice_acceptor
NF1-12-1	NF1	12	70	NM_001042492.3	c.1392+754T>G	A-SNV	A-SNV	Peripheral blood leukocytes	NM_001042492.3:c.1392+754T>G	new_splice_acceptor
NF1-12-2	NF1	12	76	NM_001042492.3	c.1393-592A>G	D-SNV	D-SNV_outDinuc	Puromycin treated lymphocytes; Whole blood	NM_001042492.3:c.1393-592A>G	strengthening_donor
NF1-13-1	NF1	13	54	NM_001042492.3	c.1527+1159C>T	D-SNV	D-SNV	Not stated; Puromycin treated lymphocytes; Pheochromocytoma biopsy	NM_001042492.3:c.1527+1159C>T	new_splice_donor
NF1-24-1a	NF1	24	67	NM_001042492.3	c.3198‐314G>A	A-SNV	A-SNV	Puromycin-treated fibroblasts	NM_001042492.3:c.3198‐314G>A	new_splice_acceptor
NF1-24-1b	NF1	24	99	NM_001042492.3	c.3198‐314G>A	A-SNV	A-SNV	Puromycin-treated fibroblasts	NM_001042492.3:c.3198‐314G>A	new_splice_acceptor
NF1-30-1	NF1	30	105	NM_001042492.3	c.4110+945A>G	D-SNV	D-SNV_outDinuc	Puromycin treated LCLs	NM_001042492.3:c.4110+945A>G	strengthening_donor
NF1-31-1	NF1	31	80	NM_001042492.3	c.4173+278A>G	A-SNV	A-SNV	Not stated	NM_001042492.3:c.4173+278A>G	new_splice_acceptor
NF1-36-3	NF1	36	97	NM_001042492.3	c.4836-1609C>T	D-SNP	D-SNP	Peripheral blood	NM_001042492.3:c.4836-1609C>T	new_splice_donor
NF1-38-1	NF1	38	81	NM_001042492.3	c.5547-456G>T	D-SNV	D-SNV	Peripheral blood leukocytes	NM_001042492.3:c.5547-456G>T	new_splice_donor
NF1-39-1a	NF1	39	208	NM_001042492.3	c.5749+332A>G	D-SNV	D-SNV	Peripheral leukocytes; Whole blood; neurofibromas/peripheral lymphocytes; Peripheral blood lymphocytes	NM_001042492.3:c.5749+332A>G	new_splice_donor
NF1-39-1b	NF1	39	177	NM_001042492.3	c.5749+332A>G	D-SNV	D-SNV	Peripheral leukocytes; Whole blood; Peripheral blood lymphocytes; Peripheral blood lymphocytes	NM_001042492.3:c.5749+332A>G	new_splice_donor
NF1-39-2	NF1	39	171	NM_001042492.3	c.5750-279A>G	A-SNV	A-SNV	Lymphocytes; Patient RNA (tissue not stated)	NM_001042492.3:c.5750-279A>G	new_splice_acceptor
NF1-54-1	NF1	54	70	NM_001042492.3	c.7908-321C>G	D-SNV	D-SNV	Peripheral blood lymphocytes; Puromycin treated lymphocytes	NM_001042492.3:c.7908-321C>G	new_splice_donor
NF2-5-1	NF2	5	106	NM_000268.4	c.516+232G>A	BPD	BPD	Meningioma	NM_000268.4:c.516+232G>A	branchpoint_associated
NF2-13-1	NF2	13	167	NM_000268.4	c.1447-233T>A	D-SNV	D-SNV_outDinuc	Lymphocytes, fibroblasts	NM_000268.4:c.1447-233T>A	strengthening_donor
NIPBL-21-1	NIPBL	21	121	NM_133433.4	c.4560+2069C>T	D-SNV	D-SNV	LCLs	NM_133433.4:c.4560+2069C>T	new_splice_donor
NNT-20-1	NNT	20	69	NM_012343.4	c.2603-1186_-1183dup	D-OTH	D-OTH_outDinuc	phytohaemagglutinin-stimulated blood cells	NM_012343.4:c.2603-1186_-1183dup	strengthening_donor
NPC1-9-1	NPC1	9	194	NM_000271.5	c.1554-1009G>A	D-SNV	D-SNV_outDinuc	Fibroblasts	NM_000271.5:c.1554-1009G>A	strengthening_donor
NPHP3-3-1	NPHP3	3	163	NM_153240.5	c.671-996C>G	DIST3	DIST3	Leukocytes	NM_153240.5:c.671-996C>G	strengthening_donor
NR2E3-7-1	NR2E3	7	89	NM_014249.4	c.1100+1124G>A	A-SNV	A-SNV	Patient fibroblasts	NM_014249.4:c.1100+1124G>A	new_splice_acceptor
NR2E3-7-2	NR2E3	7	40	NM_014249.4	c.1100+1124G>A	DIST5	DIST5	Patient fibroblasts	NM_014249.4:c.1100+1124G>A	strengthening_acceptor
NSUN2-6-1	NSUN2	6	142	NM_017755.6	c.538-1G>C	DIST5	DIST5	Dermal fibroblasts	NM_017755.6:c.538-1G>C	strengthening_acceptor
NTRK1-8-1a	NTRK1	8	142	NM_001007792.1	c.851-798C>T	M-SNV	M-SNV	Blood	NM_001007792.1:c.851-798C>T	change_sre
NTRK1-8-1a	NTRK1	8	142	NM_001007792.1	c.851-794C>G	D-SNV	D-SNV	Blood	NM_001007792.1:c.851-794C>G	new_splice_donor
NTRK1-8-1b	NTRK1	8	118	NM_001007792.1	c.851-798C>T	M-SNV	M-SNV	Blood	NM_001007792.1:c.851-798C>T	change_sre
NTRK1-8-1b	NTRK1	8	118	NM_001007792.1	c.851-794C>G	D-SNV	D-SNV	Blood	NM_001007792.1:c.851-794C>G	new_splice_donor
NTRK1-8-1c	NTRK1	8	68	NM_001007792.1	c.851-798C>T	M-SNV	M-SNV	Blood	NM_001007792.1:c.851-798C>T	change_sre
NTRK1-8-1c	NTRK1	8	68	NM_001007792.1	c.851-794C>G	D-SNV	D-SNV	Blood	NM_001007792.1:c.851-794C>G	new_splice_donor
OAT-2-1	OAT	2	142	NM_000274.4	c.199+303C>G	D-SNV	D-SNV	Skin fibroblasts	NM_000274.4:c.199+303C>G	new_splice_donor
OCRL-4-1	OCRL	4	66	NM_000276.4	c.239-4023A>G	D-SNV	D-SNV	Skin fibroblasts	NM_000276.4:c.239-4023A>G	new_splice_donor
OFD1-9-1	OFD1	9	62	NM_003611.3	c.935+706A>G	D-SNV	D-SNV_outDinuc	Peripheral blood	NM_003611.3:c.935+706A>G	strengthening_donor
OPA1-4-1a	OPA1	4	65	NM_130832.3	c.610+360G>A	A-SNV	A-SNV	Puromycin-treated fibroblasts	NM_130832.3:c.610+360G>A	new_splice_acceptor
OPA1-4-1b	OPA1	4	97	NM_130832.3	c.610+360G>A	A-SNV	A-SNV	Puromycin-treated fibroblasts	NM_130832.3:c.610+360G>A	new_splice_acceptor
OPA1-4-1c	OPA1	4	61	NM_130832.3	c.610+364G>A	A-SNV	A-SNV	Puromycin-treated fibroblasts	NM_130832.3:c.610+364G>A	new_splice_acceptor
OPA1-4-1d	OPA1	4	93	NM_130832.3	c.610+364G>A	A-SNV	A-SNV	Puromycin-treated fibroblasts	NM_130832.3:c.610+364G>A	new_splice_acceptor
OTC-5-1	OTC	5	135	NM_000531.6	c.540+265G>A	A-SNV	A-SNV	Liver biopsy; Liver biopsy	NM_000531.6:c.540+265G>A	new_splice_acceptor
OTC-8-1a	OTC	8	118	NM_000531.6	c.867+1126A>G	D-SNV	D-SNV	Liver biopsy	NM_000531.6:c.867+1126A>G	new_splice_donor
OTC-8-1b	OTC	8	22	NM_000531.6	c.867+1126A>G	D-SNV	D-SNV	Liver biopsy	NM_000531.6:c.867+1126A>G	new_splice_donor
OTC-9-1b	OTC	9	185	NM_000531.6	c.1005+1091C>G	D-SNV	D-SNV	Liver biopsy	NM_000531.6:c.1005+1091C>G	new_splice_donor
PAH-6-1	PAH	6	313	NM_000277.3	c.768+368T>C	M-SNV	M-SNV	Minigene + HEK293T cells	NM_000277.3:c.768+368T>C	change_sre
PAH-10-1	PAH	10	81	NM_000277.3	c.1065+241C>A	M-SNV	M-SNV	Minigene + HEK293T cells	NM_000277.3:c.1065+241C>A	change_sre
PAH-11-1	PAH	11	25	NM_000277.3	c.1199+502A>T	BPD	BPD	Liver; Blood	NM_000277.3:c.1199+502A>T	branchpoint_associated
PCCB-6-1	PCCB	6	72	NM_000532.5	c.654+462A>G	D-SNV	D-SNV_outDinuc	Fibroblasts	NM_000532.5:c.654+462A>G	strengthening_donor
PHEX-7-1a	PHEX	7	170	NM_000444.6	c.849+1268G>T	D-SNV	D-SNV	LCLs	NM_000444.6:c.849+1268G>T	new_splice_donor
PHEX-7-1b	PHEX	7	100	NM_000444.6	c.849+1268G>T	D-SNV	D-SNV	LCLs	NM_000444.6:c.849+1268G>T	new_splice_donor
PHEX-7-1c	PHEX	7	51	NM_000444.6	c.849+1268G>T	D-SNV	D-SNV	LCLs	NM_000444.6:c.849+1268G>T	new_splice_donor
PKHD1-46-1	PKHD1	46	116	NM_138694.4	c.7349+653A>G	D-SNV	D-SNV	Post mortem kidney	NM_138694.4:c.7349+653A>G	new_splice_donor
PKHD1-56-1	PKHD1	56	111	NM_138694.4	c.8798-459C>A	BPD	BPD	Fetal kidney	NM_138694.4:c.8798-459C>A	branchpoint_associated
PLA2G6-14-1	PLA2G6	14	118	NM_003560.4	c.2035-274G>A	D-SNV	D-SNV_outDinuc	Fibroblasts	NM_003560.4:c.2035-274G>A	strengthening_donor
PMM2-7-1	PMM2	7	123	NM_000303.3	c.640-15479C>T	D-SNV	D-SNV	Fibroblasts	NM_000303.3:c.640-15479C>T	new_splice_donor
POC1B-9-1	POC1B	9	127	NM_172240.3	c.810+1G>T	DIST5	DIST5	Blood	NM_172240.3:c.810+1G>T	strengthening_acceptor
POLR3A-5-1	POLR3A	5	129	NM_007055.4	c.645+312C>T	D-SNV	D-SNV	PBMCs	NM_007055.4:c.645+312C>T	new_splice_donor
PQBP1-3-1	PQBP1	3	103	NM_005710.2	c.180-306G>A	D-SNV	D-SNV_outDinuc	Whole blood	NM_005710.2:c.180-306G>A	strengthening_donor
PROM1-19-1	PROM1	19	155	NM_006017.3	c.2077-521A>G	D-SNV	D-SNV	HEK 293T cells and in murine 661W photoreceptor-derived cells (minigine)	NM_006017.3:c.2077-521A>G	new_splice_donor
PRPF31-13-1	PRPF31	13	175	NM_015629.4	c.1374+654C>G	D-SNV	D-SNV	Wortmannin or emetine treated LCLs	NM_015629.4:c.1374+654C>G	new_splice_donor
PSMC3-10-1	PSMC3	10	114	NM_002804.5	c.1127+337A>C	D-SNV	D-SNV	Fibroblasts	NM_002804.5:c.1127+337A>C	new_splice_donor
PTCH1-15-1	PTCH1	15	78	NM_000264.5	c.2561-2057A>G	D-SNV	D-SNV	LCLs	NM_000264.5:c.2561-2057A>G	new_splice_donor
PTS-2-1a	PTS	2	70	NM_000317.3	c.164-716A>T	D-SNV	D-SNV_outDinuc	Dermal fibros, WBCs	NM_000317.3:c.164-716A>T	strengthening_donor
PTS-2-1b	PTS	2	45	NM_000317.3	c.163+696del55	BPD	BPD	Dermal fibros, WBCs	NM_000317.3:c.163+696del55	branchpoint_associated
PTS-2-1c	PTS	2	45	NM_000317.3	c.164-716A>T	D-SNV	D-SNV_outDinuc	Dermal fibros, WBCs	NM_000317.3:c.164-716A>T	strengthening_donor
PYROXD1-4-1	PYROXD1	4	110	NM_024854.5	c.415-976A>G	D-SNV	D-SNV_outDinuc	Skeletal muscle	NM_024854.5:c.415-976A>G	strengthening_donor
QDPR-4-1	QDPR	4	152	NM_000320.3	c.436+2552A>G	D-SNV	D-SNV	Skin fibroblasts	NM_000320.3:c.436+2552A>G	new_splice_donor
RB1-6-1	RB1	6	74	NM_000321.3	c.607-3418A>G	D-SNV	D-SNV	Peripheral blood lymphocytes	NM_000321.3:c.607-3418A>G	new_splice_donor
RB1-8-1	RB1	8	93	NM_000321.3	c.861+828T>G	D-SNV	D-SNV	Peripheral blood lymphocytes	NM_000321.3:c.861+828T>G	new_splice_donor
RB1-18-1	RB1	18	126	NM_000321.3	c.1814+1307C>G	D-SNV	D-SNV	Peripheral blood	NM_000321.3:c.1814+1307C>G	new_splice_donor
RB1-23-1	RB1	23	103	NM_000321.3	c.2490-1398A>G	D-SNV	D-SNV	Puromycin-treated LCLs	NM_000321.3:c.2490-1398A>G	new_splice_donor
RHOA-2-1	RHOA	2	42	NM_001664.4	c.157-114C>T	M-SNP	M-SNP	HepG2, Hep3B, Huh7, LCLs	NM_001664.4:c.157-114C>T	change_sre
RPGR-9-1	RPGR	9	136	NM_000328.3	c.1059+363G>A	DIST5	DIST5	Donor retinas; minigene transfected HEK293T and PC-12 cells	NM_000328.3:c.1059+363G>A	strengthening_acceptor
RPGRIP1-12-1a	RPGRIP1	12	118	NM_020366.4	c.1468-263G>C	BPD	A-SNV_outDinuc	Transfected HEK293T cells	NM_020366.4:c.1468-263G>C	strengthening_acceptor
RPGRIP1-12-1b	RPGRIP1	12	118	NM_020366.4	c.1468-128T>G	D-SNV	D-SNV_outDinuc	Cultured lymphoblasts	NM_020366.4:c.1468-128T>G	strengthening_donor
RPGRIP-17-1	RPGRIP1	17	135	NM_020366.4	c.2710+233G>A	D-SNV	D-SNV_outDinuc	Minigene-transfected HEK293 cells	NM_020366.4:c.2710+233G>A	strengthening_donor
RPS6KA3-14-1	RPS6KA3	14	83	NM_004586.3	c.1228-279T>G	D-SNV	D-SNV	Fibroblasts	NM_004586.3:c.1228-279T>G	new_splice_donor
RYR1-101-1	RYR1	101	120	NM_000540.3	c.14646-1449A>G	D-SNV	D-SNV	Muscle biopsy, LCLs	NM_000540.3:c.14646-1449A>G	new_splice_donor
SERPING1-6-2	SERPING1	6	89	NM_000062.3	c.1029+384A>G	D-SNV	D-SNV	PBMCs	NM_000062.3:c.1029+384A>G	new_splice_donor
SGCB-2-1	SGCB	2	87	NM_000232.5	c.376_383dup	DIST3	DIST3	Heart and skeletal muscle	NM_000232.5:c.376_383dup	strengthening_donor
SLC12A3-12-1	SLC12A3	12	108	NM_000339.3	c.1669+297T>G	A-SNV	A-SNV	Patient RNA (not detailed)	NM_000339.3:c.1669+297T>G	new_splice_acceptor
SLC12A3-13-1	SLC12A3	13	238	NM_000339.3	c.1670-191C>T	D-SNV	D-SNV	Blood leukocytes, urine sediments; Blood leukocytes	NM_000339.3:c.1670-191C>T	new_splice_donor
SLC12A3-21-1	SLC12A3	21	90	NM_000339.3	c.2548+253C>T	D-SNV	D-SNV	Blood leukocytes	NM_000339.3:c.2548+253C>T	new_splice_donor
SLC46A1-3-1	SLC46A1	3	168	NM_080669.6	c.1166-285T>G	D-SNV	D-SNV	Blood cells	NM_080669.6:c.1166-285T>G	new_splice_donor
SMARCB1-6-1	SMARCB1	6	94	NM_003073.5	c.768+1498C>T	D-SNV	D-SNV	Not specified (probably tumour)	NM_003073.5:c.768+1498C>T	new_splice_donor
SMCHD1-34-1	SMCHD1	34	53	NM_015295.3	c.4347-236A>G	A-SNV	A-SNV	Cycloheximide-treated myotubes	NM_015295.3:c.4347-236A>G	new_splice_acceptor
SOD1-4-1	SOD1	4	43	NM_000454.5	c.358-304C>G	D-SNV	D-SNV_outDinuc	Immortalised lymphoblasts	NM_000454.5:c.358-304C>G	strengthening_donor
SPG7-2-1	SPG7	2	75	NM_003119.4	c.286+853A>G	D-SNV	D-SNV_outDinuc	Fibroblasts	NM_003119.4:c.286+853A>G	strengthening_donor
STAMBP-8-1	STAMBP	8	108	NM_006463.6	c.1005+358A>G	D-SNV	D-SNV_outDinuc	LCLs	NM_006463.6:c.1005+358A>G	strengthening_donor
STAT3-14-1	STAT3	14	51	NM_139276.3	c.1282-89C>T	D-SNV	D-SNV	LCLs	NM_139276.3:c.1282-89C>T	new_splice_donor
TGM1-3-1	TGM1	3	104	NM_000359.3	c.508+668C>T	D-SNV	D-SNV	Hair bulb	NM_000359.3:c.508+668C>T	new_splice_donor
TIMMDC1-5-1	TIMMDC1	5	80	NM_016589.4	c.597-1340A>G	M-SNV	M-SNV	Patient fibroblasts	NM_016589.4:c.597-1340A>G	change_sre
TMEM165-4-1	TMEM165	4	117	NM_018475.5	c.792+182G>A	D-SNV	D-SNV_outDinuc	Patient fibroblasts	NM_018475.5:c.792+182G>A	strengthening_donor
TSC2-9-1	TSC2	9	89	NM_000548.5	c.848+281C>T	D-SNV	D-SNV	LCLs	NM_000548.5:c.848+281C>T	new_splice_donor
UNC13D-1-1	UNC13D	1	130	NM_199242.3	c.117+59C>T	M-SNV	M-SNV	Not specified	NM_199242.3:c.117+59C>T	change_sre
UNC13D-1-1	UNC13D	1	130	NM_199242.3	c.118-308C>T	M-SNV	M-SNV	Not specified	NM_199242.3:c.118-308C>T	change_sre
UNC13D-1-1	UNC13D	1	130	NM_199242.3	c.118-177G>T	M-SNV	M-SNV	Not specified	NM_199242.3:c.118-177G>T	change_sre
USH2A-27-1a	USH2A	27	73	NM_206933.4	c.5573-843A>G	D-SNV	D-SNV_outDinuc	Minigene HeLa cells	NM_206933.4:c.5573-843A>G	strengthening_donor
USH2A-27-1b	USH2A	27	131	NM_206933.4	c.5573-843A>G	D-SNV	D-SNV_outDinuc	Minigene HeLa cells	NM_206933.4:c.5573-843A>G	strengthening_donor
USH2A-40-1	USH2A	40	152	NM_206933.4	c.7595-2144A>G	D-SNV	D-SNV	Patient nasal cells [A]; Minigene HeLa cells [B]	NM_206933.4:c.7595-2144A>G	new_splice_donor
USH2A-44-1a	USH2A	44	179	NM_206933.4	c.8845+628C>T	D-SNV	D-SNV	Minigene HeLa cells	NM_206933.4:c.8845+628C>T	new_splice_donor
USH2A-44-1b	USH2A	44	219	NM_206933.4	c.8845+628C>T	D-SNV	D-SNV	Minigene HeLa cells	NM_206933.4:c.8845+628C>T	new_splice_donor
USH2A-50-1	USH2A	50	155	NM_206933.4	c.9959-4159A>G	D-SNV	D-SNV	Minigene HeLa cells	NM_206933.4:c.9959-4159A>G	new_splice_donor
USH2A-64-1	USH2A	64	52	NM_206933.4	c.14134-3169A>G	D-SNV	D-SNV	Minigene + HeLa cells	NM_206933.4:c.14134-3169A>G	new_splice_donor
WDR35-13-1	WDR35	13	121	NM_001006657.2	c.1434-684G>T	D-SNV	D-SNV	Whole blood	NM_001006657.2:c.1434-684G>T	new_splice_donor
WRN-18-1	WRN	18	106	NM_000553.6	c.2089–3024A>G	D-SNV	D-SNV	Not stated;	NM_000553.6:c.2089–3024A>G	new_splice_donor
WRN-26-1	WRN	26	69	NM_000553.6	c.3234-170A>G	A-SNV	A-SNV	Whole blood	NM_000553.6:c.3234-170A>G	new_splice_acceptor
