#CHROM	POS	REF	ALT	HGVSc	HGVSg	Effect_category	Source
1	2025417	G	A	ENST00000400921.2:c.-216+20049G>A	1:g.2025417G>A	new_splice_acceptor	gnomAD_v2.1
1	16228550	A	G	ENST00000375759.3:c.882-7266A>G	1:g.16228550A>G	new_splice_acceptor	gnomAD_v2.1
1	66035247	G	A	ENST00000349533.6:c.41-909G>A	1:g.66035247G>A	new_splice_acceptor	gnomAD_v2.1
1	82243305	C	A	ENST00000359929.3:c.-101+15768C>A	1:g.82243305C>A	new_splice_acceptor	gnomAD_v2.1
1	156550772	A	G	ENST00000368236.3:c.-4-381A>G	1:g.156550772A>G	new_splice_acceptor	gnomAD_v2.1
1	245753173	G	A	ENST00000407071.2:c.1351-12706G>A	1:g.245753173G>A	new_splice_acceptor	gnomAD_v2.1
2	58193329	T	G	ENST00000435505.2:c.-557+58355T>G	2:g.58193329T>G	new_splice_acceptor	gnomAD_v2.1
2	139268802	A	G	ENST00000280098.4:c.-61+9113A>G	2:g.139268802A>G	new_splice_acceptor	gnomAD_v2.1
2	234834437	G	A	ENST00000324695.4:c.-5-741G>A	2:g.234834437G>A	new_splice_acceptor	gnomAD_v2.1
3	2825872	G	A	ENST00000397461.1:c.359-35298G>A	3:g.2825872G>A	new_splice_acceptor	gnomAD_v2.1
3	47335784	T	G	ENST00000232766.5:c.129+11200T>G	3:g.47335784T>G	new_splice_acceptor	gnomAD_v2.1
3	85533583	T	G	ENST00000383699.3:c.62-242089T>G	3:g.85533583T>G	new_splice_acceptor	gnomAD_v2.1
3	127878330	A	G	ENST00000254730.6:c.316+5664A>G	3:g.127878330A>G	new_splice_acceptor	gnomAD_v2.1
3	132946164	A	G	ENST00000321871.6:c.-46-1946A>G	3:g.132946164A>G	new_splice_acceptor	gnomAD_v2.1
3	148720665	G	A	ENST00000345003.4:c.481+5974G>A	3:g.148720665G>A	new_splice_acceptor	gnomAD_v2.1
4	106488991	A	G	ENST00000420470.2:c.196+14873A>G	4:g.106488991A>G	new_splice_acceptor	gnomAD_v2.1
4	126319493	T	G	ENST00000394329.3:c.5176-446T>G	4:g.126319493T>G	new_splice_acceptor	gnomAD_v2.1
4	178703151	G	A	ENST00000507870.1:c.-89+49518G>A	4:g.178703151G>A	new_splice_acceptor	gnomAD_v2.1
5	80126153	A	G	ENST00000265081.6:c.2813+16593A>G	5:g.80126153A>G	new_splice_acceptor	gnomAD_v2.1
5	94000875	G	A	ENST00000265140.5:c.1369-691G>A	5:g.94000875G>A	new_splice_acceptor	gnomAD_v2.1
5	162896142	G	A	ENST00000393915.4:c.274-505G>A	5:g.162896142G>A	new_splice_acceptor	gnomAD_v2.1
6	20585381	G	A	ENST00000274695.4:c.286+36445G>A	6:g.20585381G>A	new_splice_acceptor	gnomAD_v2.1
6	25352888	G	A	ENST00000329474.6:c.139-67454G>A	6:g.25352888G>A	new_splice_acceptor	gnomAD_v2.1
6	25394841	A	G	ENST00000329474.6:c.139-25501A>G	6:g.25394841A>G	new_splice_acceptor	gnomAD_v2.1
6	102333341	G	A	ENST00000421544.1:c.1525-4174G>A	6:g.102333341G>A	new_splice_acceptor	gnomAD_v2.1
7	5341570	A	G	ENST00000396872.3:c.1451-858A>G	7:g.5341570A>G	new_splice_acceptor	gnomAD_v2.1
7	93297506	T	G	ENST00000455502.1:c.-56+76423T>G	7:g.93297506T>G	new_splice_acceptor	gnomAD_v2.1
7	101824316	T	G	ENST00000360264.3:c.1050+2379T>G	7:g.101824316T>G	new_splice_acceptor	gnomAD_v2.1
7	133115163	G	A	ENST00000253861.4:c.1183-44919G>A	7:g.133115163G>A	new_splice_acceptor	gnomAD_v2.1
7	134673719	G	A	ENST00000436302.2:c.64-282G>A	7:g.134673719G>A	new_splice_acceptor	gnomAD_v2.1
7	138498348	A	G	ENST00000413208.1:c.154+12205A>G	7:g.138498348A>G	new_splice_acceptor	gnomAD_v2.1
8	6458081	C	G	ENST00000344683.5:c.2215-20894C>G	8:g.6458081C>G	new_splice_acceptor	gnomAD_v2.1
8	50939450	T	G	ENST00000522124.1:c.-103+114659T>G	8:g.50939450T>G	new_splice_acceptor	gnomAD_v2.1
8	143603675	T	G	ENST00000517894.1:c.3175+199T>G	8:g.143603675T>G	new_splice_acceptor	gnomAD_v2.1
9	298892	A	G	ENST00000453981.1:c.405-5689A>G	9:g.298892A>G	new_splice_acceptor	gnomAD_v2.1
9	20919502	A	G	ENST00000380249.1:c.2852+2566A>G	9:g.20919502A>G	new_splice_acceptor	gnomAD_v2.1
9	37683678	G	A	ENST00000539465.1:c.-4-8957G>A	9:g.37683678G>A	new_splice_acceptor	gnomAD_v2.1
9	71714450	G	A	ENST00000396364.3:c.483-367G>A	9:g.71714450G>A	new_splice_acceptor	gnomAD_v2.1
9	115583860	G	A	ENST00000374232.3:c.459+3765G>A	9:g.115583860G>A	new_splice_acceptor	gnomAD_v2.1
10	13208063	G	A	ENST00000484800.2:c.7+1854G>A	10:g.13208063G>A	new_splice_acceptor	gnomAD_v2.1
10	20159448	G	A	ENST00000377252.4:c.112+53328G>A	10:g.20159448G>A	new_splice_acceptor	gnomAD_v2.1
10	117165026	C	A	ENST00000355044.3:c.3269+10764C>A	10:g.117165026C>A	new_splice_acceptor	gnomAD_v2.1
10	121568507	G	A	ENST00000361976.2:c.1569+935G>A	10:g.121568507G>A	new_splice_acceptor	gnomAD_v2.1
11	66128791	A	G	ENST00000531602.1:c.-12-1949A>G	11:g.66128791A>G	new_splice_acceptor	gnomAD_v2.1
11	120675946	A	G	ENST00000527524.2:c.247+2380A>G	11:g.120675946A>G	new_splice_acceptor	gnomAD_v2.1
12	56927830	G	A	ENST00000262031.5:c.66+11957G>A	12:g.56927830G>A	new_splice_acceptor	gnomAD_v2.1
13	23773548	A	G	ENST00000218867.3:c.1-4286A>G	13:g.23773548A>G	new_splice_acceptor	gnomAD_v2.1
13	34490036	A	G	ENST00000434425.1:c.880-50188A>G	13:g.34490036A>G	new_splice_acceptor	gnomAD_v2.1
14	61991974	T	A	ENST00000332981.5:c.1434-3819T>A	14:g.61991974T>A	new_splice_acceptor	gnomAD_v2.1
16	12532918	C	G	ENST00000566228.1:c.2037+35532C>G	16:g.12532918C>G	new_splice_acceptor	gnomAD_v2.1
16	23917700	C	A	ENST00000303531.7:c.205+68973C>A	16:g.23917700C>A	new_splice_acceptor	gnomAD_v2.1
16	25742897	A	G	ENST00000331351.5:c.734+38425A>G	16:g.25742897A>G	new_splice_acceptor	gnomAD_v2.1
16	58515894	G	A	ENST00000394282.4:c.38-5766G>A	16:g.58515894G>A	new_splice_acceptor	gnomAD_v2.1
16	71561677	G	A	ENST00000338482.5:c.-19+1462G>A	16:g.71561677G>A	new_splice_acceptor	gnomAD_v2.1
16	81713121	G	A	ENST00000537098.3:c.1388+888G>A	16:g.81713121G>A	new_splice_acceptor	gnomAD_v2.1
17	36630597	G	A	ENST00000431231.2:c.2118+2350G>A	17:g.36630597G>A	new_splice_acceptor	gnomAD_v2.1
17	61870863	A	G	ENST00000578681.1:c.372+941A>G	17:g.61870863A>G	new_splice_acceptor	gnomAD_v2.1
17	78529928	T	G	ENST00000306801.3:c.162+10337T>G	17:g.78529928T>G	new_splice_acceptor	gnomAD_v2.1
18	2878613	G	A	ENST00000254528.3:c.258-6349G>A	18:g.2878613G>A	new_splice_acceptor	gnomAD_v2.1
19	1458917	G	A	ENST00000535453.1:c.1303+858G>A	19:g.1458917G>A	new_splice_acceptor	gnomAD_v2.1
19	48924963	G	A	ENST00000263269.3:c.2092-79G>A	19:g.48924963G>A	new_splice_acceptor	gnomAD_v2.1
22	21414530	G	A	ENST00000342608.4:c.1021-132G>A	22:g.21414530G>A	new_splice_acceptor	gnomAD_v2.1
22	47530981	G	A	ENST00000337137.4:c.1425+23482G>A	22:g.47530981G>A	new_splice_acceptor	gnomAD_v2.1
X	2649402	G	A	ENST00000381192.3:c.475+4988G>A	X:g.2649402G>A	new_splice_acceptor	gnomAD_v2.1
X	38137587	G	A	ENST00000465127.1:c.172-387788G>A	X:g.38137587G>A	new_splice_acceptor	gnomAD_v2.1
X	69405625	A	G	ENST00000333026.3:c.85+8108A>G	X:g.69405625A>G	new_splice_acceptor	gnomAD_v2.1
X	140953078	A	G	ENST00000298296.1:c.124-179A>G	X:g.140953078A>G	new_splice_acceptor	gnomAD_v2.1
