#CHROM	POS	REF	ALT	Gene_ID	Gene_name	Intron_number	HGVSc	HGVSg	gnomADg_AF	Molecular_effect	Source	mutation_flag
1	22215993	G	A	ENSG00000142798	HSPG2	6/96	ENST00000374695.3:c.574+481C>T	1:g.22215993G>A	3.186500180163421e-05	new_splice_donor	vazDrago_2017	new_splice_donor
1	94484082	T	C	ENSG00000198691	ABCA4	36/49	ENST00000370225.3:c.5196+1056A>G	1:g.94484082T>C	.	new_splice_donor	vazDrago_2017	new_splice_donor
1	98045449	G	C	ENSG00000188641	DPYD	10/22	ENST00000370192.3:c.1129-5923C>G	1:g.98045449G>C	0.01335499994456768	new_splice_donor	vazDrago_2017	new_splice_donor
1	100672742	T	C	ENSG00000137992	DBT	8/10	ENST00000370132.4:c.1018-550A>G	1:g.100672742T>C	.	new_splice_donor	vazDrago_2017	new_splice_donor
1	215967783	T	C	ENSG00000042781	USH2A	50/71	ENST00000307340.3:c.9959-4159A>G	1:g.215967783T>C	.	new_splice_donor	vazDrago_2017	new_splice_donor
1	216039721	G	A	ENSG00000042781	USH2A	44/71	ENST00000307340.3:c.8845+628C>T	1:g.216039721G>A	.	new_splice_donor	vazDrago_2017	new_splice_donor
1	216247476	T	C	ENSG00000042781	USH2A	27/71	ENST00000307340.3:c.5573-834A>G	1:g.216247476T>C	3.183900116709992e-05	new_splice_donor	vazDrago_2017	NA
2	26500642	A	G	ENSG00000138029	HADHB	7/15	ENST00000317799.5:c.442+614A>G	2:g.26500642A>G	.	new_splice_donor	vazDrago_2017	NA
2	47635062	T	G	ENSG00000095002	MSH2	1/15	ENST00000233146.2:c.212-478T>G	2:g.47635062T>G	.	new_splice_donor	vazDrago_2017	new_splice_donor
2	71889030	G	T	ENSG00000135636	DYSF	45/55	ENST00000410020.3:c.5003+1249G>T	2:g.71889030G>T	.	new_splice_donor	vazDrago_2017	NA
3	136003251	A	G	ENSG00000114054	PCCB	7/15	ENST00000469217.1:c.714+462A>G	3:g.136003251A>G	.	strengthening_donor	vazDrago_2017	strengthening_donor
3	193335986	G	A	ENSG00000198836	OPA1	4/29	ENST00000361908.3:c.557-672G>A	3:g.193335986G>A	.	new_splice_acceptor	vazDrago_2017	NA
3	193335990	G	A	ENSG00000198836	OPA1	4/29	ENST00000361908.3:c.557-668G>A	3:g.193335990G>A	.	new_splice_acceptor	vazDrago_2017	NA
4	17500790	T	C	ENSG00000151552	QDPR	4/6	ENST00000281243.5:c.436+2552A>G	4:g.17500790T>C	.	new_splice_donor	vazDrago_2017	new_splice_donor
4	108945190	G	T	ENSG00000138796	HADH	5/8	ENST00000603302.1:c.636+471G>T	4:g.108945190G>T	.	new_splice_donor	vazDrago_2017	NA
4	155486360	A	G	ENSG00000171564	FGB	1/7	ENST00000302068.4:c.115-600A>G	4:g.155486360A>G	.	change_sre	vazDrago_2017	NA
4	155530122	T	A	ENSG00000171557	FGG	6/8	ENST00000336098.3:c.667-320A>T	4:g.155530122T>A	.	new_splice_donor	vazDrago_2017	NA
5	7883859	T	C	ENSG00000124275	MTRR	6/14	ENST00000264668.2:c.984+469T>C	5:g.7883859T>C	9.554099960951135e-05	change_sre	vazDrago_2017	NA
5	42700896	A	G	ENSG00000112964	GHR	6/9	ENST00000230882.4:c.618+792A>G	5:g.42700896A>G	.	new_splice_donor	vazDrago_2017	new_splice_donor
5	112115546	G	A	ENSG00000134982	APC	5/15	ENST00000457016.1:c.532-941G>A	5:g.112115546G>A	.	new_splice_donor	vazDrago_2017	NA
5	112158419	C	T	ENSG00000134982	APC	11/15	ENST00000457016.1:c.1408+731C>T	5:g.112158419C>T	.	new_splice_donor	vazDrago_2017	new_splice_donor
5	112158423	A	T	ENSG00000134982	APC	11/15	ENST00000457016.1:c.1408+735A>T	5:g.112158423A>T	.	strengthening_donor	vazDrago_2017	strengthening_donor
6	49404228	G	T	ENSG00000146085	MUT	11/12	ENST00000274813.3:c.1957-892C>A	6:g.49404228G>T	.	new_splice_donor	vazDrago_2017	NA
6	51746236	A	G	ENSG00000170927	PKHD1	46/66	ENST00000371117.3:c.7350+1655T>C	6:g.51746236A>G	.	new_splice_donor	vazDrago_2017	NA
6	76593963	T	G	ENSG00000196586	MYO6	23/34	ENST00000369977.3:c.2417-1758T>G	6:g.76593963T>G	.	new_splice_donor	vazDrago_2017	NA
7	117280015	C	T	ENSG00000001626	CFTR	22/26	ENST00000003084.6:c.3718-2477C>T	7:g.117280015C>T	6.375499651767313e-05	new_splice_donor	vazDrago_2017	new_splice_donor
8	30999982	A	G	ENSG00000165392	WRN	26/34	ENST00000298139.5:c.3234-160A>G	8:g.30999982A>G	.	new_splice_acceptor	vazDrago_2017	NA
9	21968346	T	C	ENSG00000147889	CDKN2A	3/3	ENST00000498124.1:c.*151-105A>G	9:g.21968346T>C	.	exon_extension	vazDrago_2017	NA
9	98226337	T	C	ENSG00000185920	PTCH1	15/23	ENST00000331920.6:c.2561-2057A>G	9:g.98226337T>C	.	new_splice_donor	vazDrago_2017	new_splice_donor
10	126100239	G	C	ENSG00000065154	OAT	2/9	ENST00000368845.5:c.199+303C>G	10:g.126100239G>C	.	new_splice_donor	vazDrago_2017	new_splice_donor
11	5247102	A	C	ENSG00000244734	HBB	2/2	ENST00000335295.4:c.316-146T>G	11:g.5247102A>C	.	new_splice_donor	vazDrago_2017	new_splice_donor
11	17465872	T	C	ENSG00000006071	ABCC8	8/38	ENST00000389817.3:c.1333-1013A>G	11:g.17465872T>C	.	new_splice_donor	vazDrago_2017	new_splice_donor
11	67816907	G	A	ENSG00000110719	TCIRG1	15/19	ENST00000265686.3:c.1887+146G>A	11:g.67816907G>A	.	exon_extension	vazDrago_2017	NA
11	108141209	GGTAA	G	ENSG00000149311	ATM	18/62	ENST00000278616.4:c.2839-579_2839-576del	11:g.108141212_108141215del	.	change_sre	vazDrago_2017	NA
11	108158168	A	G	ENSG00000149311	ATM	26/62	ENST00000278616.4:c.3994-159A>G	11:g.108158168A>G	.	change_sre	vazDrago_2017	change_sre
12	48380015	A	C	ENSG00000139219	COL2A1	23/53	ENST00000380518.3:c.1527+104T>G	12:g.48380015A>C	.	exon_extension	vazDrago_2017	NA
12	88494960	T	C	ENSG00000198707	CEP290	26/53	ENST00000552810.1:c.2991+1655A>G	12:g.88494960T>C	0.0001277599949389696	strengthening_donor	vazDrago_2017	strengthening_donor
12	108961426	G	C	ENSG00000136003	ISCU	4/4	ENST00000311893.9:c.418+382G>C	12:g.108961426G>C	.	new_splice_acceptor	vazDrago_2017	NA
13	32919384	T	G	ENSG00000139618	BRCA2	12/27	ENST00000544455.1:c.6937+594T>G	13:g.32919384T>G	0.00031875999411568046	strengthening_donor	vazDrago_2017	strengthening_donor
13	49046098	A	G	ENSG00000139687	RB1	23/26	ENST00000267163.4:c.2490-1398A>G	13:g.49046098A>G	.	new_splice_donor	vazDrago_2017	new_splice_donor
13	100958030	A	G	ENSG00000175198	PCCA	14/23	ENST00000376285.1:c.1285-1416A>G	13:g.100958030A>G	.	change_sre	vazDrago_2017	NA
15	42697047	G	C	ENSG00000092529	CAPN3	14/23	ENST00000397163.3:c.1782+1072G>C	15:g.42697047G>C	.	new_splice_acceptor	vazDrago_2017	NA
15	48721629	T	C	ENSG00000166147	FBN1	56/65	ENST00000316623.5:c.6872-961A>G	15:g.48721629T>C	.	new_splice_donor	vazDrago_2017	new_splice_donor
16	2107460	C	T	ENSG00000103197	TSC2	9/41	ENST00000219476.3:c.848+281C>T	16:g.2107460C>T	.	new_splice_donor	vazDrago_2017	new_splice_donor
16	8926102	C	T	ENSG00000140650	PMM2	7/7	ENST00000268261.4:c.640-15479C>T	16:g.8926102C>T	.	new_splice_donor	vazDrago_2017	new_splice_donor
16	56917770	C	T	ENSG00000070915	SLC12A3	13/25	ENST00000438926.2:c.1670-191C>T	16:g.56917770C>T	3.186300091329031e-05	new_splice_donor	vazDrago_2017	new_splice_donor
16	56927219	C	T	ENSG00000070915	SLC12A3	21/25	ENST00000438926.2:c.2548+253C>T	16:g.56927219C>T	.	new_splice_donor	vazDrago_2017	new_splice_donor
17	29487248	C	T	ENSG00000196712	NF1	3/57	ENST00000358273.4:c.288+1137C>T	17:g.29487248C>T	.	new_splice_donor	vazDrago_2017	new_splice_donor
17	78090422	A	G	ENSG00000171298	GAA	15/19	ENST00000302262.3:c.2190-345A>G	17:g.78090422A>G	.	new_splice_acceptor	vazDrago_2017	new_splice_acceptor
18	21132700	C	T	ENSG00000141458	NPC1	9/24	ENST00000269228.5:c.1554-1009G>A	18:g.21132700C>T	.	strengthening_donor	vazDrago_2017	strengthening_donor
18	77470825	C	T	ENSG00000060069	CTDP1	6/12	ENST00000299543.7:c.863+389C>T	18:g.77470825C>T	.	new_splice_donor	vazDrago_2017	NA
19	1386643	C	G	ENSG00000115286	NDUFS7	1/7	ENST00000233627.9:c.17-1167C>G	19:g.1386643C>G	.	strengthening_donor	vazDrago_2017	strengthening_donor
19	39074134	A	G	ENSG00000196218	RYR1	101/105	ENST00000359596.3:c.14647-1449A>G	19:g.39074134A>G	.	new_splice_donor	vazDrago_2017	NA
19	54633399	C	G	ENSG00000105618	PRPF31	13/13	ENST00000321030.4:c.1374+654C>G	19:g.54633399C>G	.	exon_extension	vazDrago_2017	NA
20	6074846	C	T	ENSG00000101311	FERMT1	9/14	ENST00000217289.4:c.1139+740G>A	20:g.6074846C>T	3.184899833286181e-05	new_splice_acceptor	vazDrago_2017	NA
21	33039383	C	G	ENSG00000142168	SOD1	3/4	ENST00000270142.6:c.240-188C>G	21:g.33039383C>G	.	new_splice_donor	vazDrago_2017	NA
22	30070689	T	A	ENSG00000186575	NF2	12/15	ENST00000338641.4:c.1341-136T>A	22:g.30070689T>A	.	new_splice_donor	vazDrago_2017	NA
22	50502853	A	C	ENSG00000100427	MLC1	10/11	ENST00000311597.5:c.895-226T>G	22:g.50502853A>C	.	new_splice_donor	vazDrago_2017	new_splice_donor
X	9711844	A	C	ENSG00000101850	GPR143	5/8	ENST00000467482.1:c.659-131T>G	X:g.9711844A>C	.	new_splice_donor	vazDrago_2017	new_splice_donor
X	13768358	A	G	ENSG00000046651	OFD1	9/22	ENST00000340096.6:c.935+706A>G	X:g.13768358A>G	.	strengthening_donor	vazDrago_2017	strengthening_donor
X	20191268	A	C	ENSG00000177189	RPS6KA3	14/21	ENST00000379565.3:c.1228-279T>G	X:g.20191268A>C	.	new_splice_donor	vazDrago_2017	new_splice_donor
X	31219364	G	A	ENSG00000198947	DMD	67/78	ENST00000357033.4:c.9807+2714C>T	X:g.31219364G>A	.	new_splice_donor	vazDrago_2017	new_splice_donor
X	31279418	T	C	ENSG00000198947	DMD	62/78	ENST00000357033.4:c.9225-285A>G	X:g.31279418T>C	.	strengthening_donor	vazDrago_2017	strengthening_donor
X	32366860	A	C	ENSG00000198947	DMD	37/78	ENST00000357033.4:c.5326-215T>G	X:g.32366860A>C	.	new_splice_acceptor	vazDrago_2017	new_splice_acceptor
X	32460274	G	T	ENSG00000198947	DMD	27/78	ENST00000357033.4:c.3787-843C>A	X:g.32460274G>T	.	strengthening_donor	vazDrago_2017	strengthening_donor
X	32470726	C	G	ENSG00000198947	DMD	26/78	ENST00000357033.4:c.3603+2053G>C	X:g.32470726C>G	.	change_sre	vazDrago_2017	change_sre
X	33032666	A	T	ENSG00000198947	DMD	2/78	ENST00000357033.4:c.93+5590T>A	X:g.33032666A>T	.	new_splice_acceptor	vazDrago_2017	new_splice_acceptor
X	37657051	A	G	ENSG00000165168	CYBB	6/12	ENST00000378588.4:c.675-1157A>G	X:g.37657051A>G	.	new_splice_donor	vazDrago_2017	new_splice_donor
X	38260946	G	A	ENSG00000036473	OTC	5/9	ENST00000039007.4:c.540+265G>A	X:g.38260946G>A	.	new_splice_acceptor	vazDrago_2017	new_splice_acceptor
X	66942551	A	G	ENSG00000169083	AR	6/7	ENST00000374690.3:c.2450-118A>G	X:g.66942551A>G	.	new_splice_donor	vazDrago_2017	new_splice_donor
X	77269725	A	G	ENSG00000165240	ATP7A	10/22	ENST00000341514.6:c.2407-434A>G	X:g.77269725A>G	.	exon_extension	vazDrago_2017	NA
X	85223644	A	T	ENSG00000188419	CHM	4/14	ENST00000357749.2:c.315-4587T>A	X:g.85223644A>T	.	new_splice_acceptor	vazDrago_2017	new_splice_acceptor
X	100654735	C	T	ENSG00000102393	GLA	4/6	ENST00000218516.3:c.640-801G>A	X:g.100654735C>T	4.5296001189853996e-05	change_sre	vazDrago_2017	NA
X	107813924	G	A	ENSG00000188153	COL4A5	6/52	ENST00000328300.6:c.385-719G>A	X:g.107813924G>A	.	change_sre	vazDrago_2017	change_sre
X	107852872	A	G	ENSG00000188153	COL4A5	29/52	ENST00000328300.6:c.2395+2750A>G	X:g.107852872A>G	.	new_splice_acceptor	vazDrago_2017	new_splice_acceptor
X	133628822	T	A	ENSG00000165704	HPRT1	6/8	ENST00000298556.7:c.485+1202T>A	X:g.133628822T>A	.	new_splice_acceptor	vazDrago_2017	new_splice_acceptor
X	135737600	A	T	ENSG00000102245	CD40LG	3/4	ENST00000370629.2:c.347-915A>T	X:g.135737600A>T	.	new_splice_donor	vazDrago_2017	new_splice_donor
X	148568762	T	C	ENSG00000010404	IDS	7/8	ENST00000340855.6:c.1007-133A>G	X:g.148568762T>C	.	new_splice_donor	vazDrago_2017	NA
X	153641699	G	A	ENSG00000102125	TAZ	3/10	ENST00000299328.5:c.284+110G>A	X:g.153641699G>A	.	exon_extension	vazDrago_2017	NA
X	154131240	C	T	ENSG00000185010	F8	18/25	ENST00000360256.4:c.5999-798G>A	X:g.154131240C>T	.	strengthening_acceptor	vazDrago_2017	strengthening_acceptor
X	154131652	G	A	ENSG00000185010	F8	18/25	ENST00000360256.4:c.5998+529C>T	X:g.154131652G>A	.	new_splice_donor	vazDrago_2017	new_splice_donor
